angDist,N,Identifier,Otype,ICRS (J2000) RA,ICRS (J2000) DEC,name,class,prob,prob_margin,prob_AGN,prob_CV,prob_HMXB,prob_LMXB,prob_PULSAR,prob_STAR,prob_ULX,prob_YSO,gc,ra,dec,significance
0.262870,1,CXOGlb J002331.5-720515,X,00 23 31.542,-72 05 15.58,2CXO J002331.4-720515,PULSAR,0.9945308193456645,0.9895447992978429,3.019237103942586E-5,0.004986020047821531,3.2478547370141146E-5,2.762695819987283E-6,0.9945308193456645,3.827425720978186E-4,2.0616882525812402E-5,1.436753766069928E-5,NGC-104,5.8811886867491685,-72.08765408717264,2.8444444444446506
0.797424,2,CXOGlb J002336.3-720403,X,00 23 36.359,-72 04 02.97,2CXO J002336.2-720403,PULSAR,0.9929989787242588,0.9861633101436691,9.844975244814116E-6,0.006835668580589721,8.988263092859364E-6,1.0189765578328008E-6,0.9929989787242588,1.3320046383408305E-4,6.148404973202327E-6,6.151611448847264E-6,NGC-104,5.9010940489333725,-72.0676754100641,1.6756756756756317
0.211164,4,CXOGlb J002339.1-720604,X,00 23 39.185,-72 06 04.72,2CXO J002339.2-720604,PULSAR,0.7141502735131898,0.5151935229281004,5.660146897248029E-4,0.19895675058508944,0.06945628540448573,1.6664635246077357E-4,0.7141502735131898,0.015719243747604424,6.966480190773136E-4,2.88137688367613E-4,NGC-104,5.913402860077554,-72.10126875350983,5.187499999999903
0.697882,5,CXOGlb J002341.1-720511,X,00 23 41.141,-72 05 11.77,2CXO J002341.0-720512,PULSAR,0.983066675469236,0.9750896836435814,0.0021745984109342075,0.007976991825654608,0.0021890480661703195,4.4576224272028264E-5,0.983066675469236,0.004177730662653996,2.2823471186669928E-4,1.4214462921231428E-4,NGC-104,5.920971691731722,-72.08673877742488,4.37837837837856
0.725046,6,CXOGlb J002341.3-720402,X,00 23 41.305,-72 04 02.79,2CXO J002341.2-720403,PULSAR,0.8955756338441929,0.7994153248365004,4.5929362092581335E-5,0.09616030900769253,9.188738803807319E-4,4.488716305133085E-5,0.8955756338441929,0.007091643844029222,9.016875755955822E-5,7.255414100134253E-5,NGC-104,5.921730101882473,-72.06760688721816,5.54131705430681
0.407413,7,CXOGlb J002342.6-720359,X,00 23 42.634,-72 03 58.96,2CXO J002342.5-720359,PULSAR,0.5875729316570325,0.18480644720906625,0.0012544486903223989,0.40276648444796626,0.0050953479209816955,1.2988768415872487E-4,0.5875729316570325,0.0024040746779978774,5.117362288533712E-4,2.6508869268712366E-4,NGC-104,5.9274069269790175,-72.06646485912209,2.6538461538463323
0.228291,9,CXOGlb J002344.8-720602,X,00 23 44.835,-72 06 02.01,2CXO J002344.8-720602,CV,0.4485342189072362,0.03152138090416945,0.05356300377513701,0.4485342189072362,0.41701283800306677,3.6584043438533487E-4,0.001557244426366792,0.07855797539974428,3.5132776656672147E-4,5.755128749678271E-5,NGC-104,5.936850204242147,-72.10062067970814,10.705708997949005
0.105052,11,CXOGlb J002346.3-720401,X,00 23 46.329,-72 04 01.93,2CXO J002346.3-720401,PULSAR,0.5442580140575543,0.1841634613709518,0.01055477783074322,0.36009455268660245,0.0038866078861673676,2.9132355528820394E-4,0.5442580140575543,0.07962846402468118,6.188889321053553E-4,6.673710268579516E-4,NGC-104,5.9431300977591945,-72.06720899543481,2.8333333333333885
0.320426,13,CXOGlb J002348.9-720719,X,00 23 48.966,-72 07 18.99,2CXO J002348.9-720719,PULSAR,0.9740969751943384,0.950656266648871,1.1314685456044883E-4,0.0234407085454673,1.5649446038932104E-4,1.1531760136595372E-5,0.9740969751943384,0.0020664335584882057,3.5833653578498065E-5,7.887597304120798E-5,NGC-104,5.954129598152464,-72.12202467990949,2.1333333333333067
0.706430,14,CXOGlb J002349.2-720537,X,00 23 49.235,-72 05 37.46,2CXO J002349.2-720538,PULSAR,0.9994242788038891,0.9989241318476373,7.921528266123676E-6,5.001469562517746E-4,2.0155208878108528E-5,9.980119757270803E-7,0.9994242788038891,3.3930294080003515E-5,8.239021749805399E-6,4.330174909398103E-6,NGC-104,5.955210561299964,-72.09393410770001,2.254545454545469
0.212217,15,CXOGlb J002349.2-720351,X,00 23 49.268,-72 03 51.44,2CXO J002349.2-720351,CV,0.9296840227009714,0.8671087038125095,0.0017440373175977998,0.9296840227009714,0.0625753188884619,2.9151557056304482E-5,0.0039107574023616925,3.785959728279934E-4,0.0016339351156266881,4.4181045096120796E-5,NGC-104,5.955347004453587,-72.06434448148964,9.850791489768858
0.156230,17,PSR J0024-7204C,Psr,00 23 50.371,-72 04 31.44,2CXO J002350.3-720431,CV,0.4485342189072362,0.03152138090416945,0.05356300377513701,0.4485342189072362,0.41701283800306677,3.6584043438533487E-4,0.001557244426366792,0.07855797539974428,3.5132776656672147E-4,5.755128749678271E-5,NGC-104,5.959967366004777,-72.07543385972127,5.085714285714215
0.426720,19,CXOGlb J002350.6-720541,X,00 23 50.806,-72 05 41.51,2CXO J002350.7-720541,CV,0.7206461558636897,0.4874031059884259,0.001014401447978947,0.7206461558636897,0.042778941771030574,6.206661171590867E-5,0.23324304987526384,0.0011516558111505184,8.68596189271423E-4,2.3513242989922048E-4,NGC-104,5.961329616962472,-72.09490463760861,7.463049284728007
0.065125,22,CXOGlb J002351.9-720453,X,00 23 51.916,-72 04 53.85,2CXO J002351.9-720453,CV,0.4522405952336415,0.06146062002742769,0.002028759733048104,0.4522405952336415,0.048067243816404266,7.9819075033527E-4,0.3907799752062138,0.10225524096098011,0.0016026800904463078,0.0022273142089306365,NGC-104,5.966309815690522,-72.08164296718356,3.7435897435895757
0.081561,23,CXOGlb J002351.9-720343,X,00 23 51.989,-72 03 43.82,2CXO J002351.9-720343,CV,0.593957485588162,0.38293657690807004,0.019044532974421893,0.593957485588162,0.017791717026175907,4.606986534771574E-4,0.21102090868009193,0.15387134341051845,0.001960519531582355,0.0018927941355703919,NGC-104,5.966617600755569,-72.06219485605553,3.0555555555556437
0.733990,24,CXOGlb J002351.9-720429,X,00 23 51.996,-72 04 29.31,2CXO J002351.9-720430,STAR,0.9999042829545015,0.9998646770021677,2.190375912488952E-6,2.4430765959809866E-5,2.589372767294559E-5,6.306657160869659E-7,3.960595233373624E-5,0.9999042829545015,2.6275937631454758E-6,3.3796414039484136E-7,NGC-104,5.966427139708627,-72.07500033553653,3.696969696969686
0.278266,25,[GHE2001] W335,X,00 23 52.015,-72 04 36.70,2CXO J002352.0-720436,PULSAR,0.7354046841822836,0.48812137228734687,0.0045620733188327664,0.24728331189493669,0.0031966443432738575,1.095345661971809E-4,0.7354046841822836,0.008537093194819453,3.970841730986998E-4,5.095743265578117E-4,NGC-104,5.9667500805827,-72.07693813888784,3.268292682926808
0.060544,26,CXOGlb J002352.3-720311,X,00 23 52.330,-72 03 11.34,2CXO J002352.3-720311,CV,0.6762480490373834,0.4961377797725287,0.010981514812050303,0.6762480490373834,0.05103925892407363,0.0013835135405194288,0.1801102692648547,0.07432329896129207,0.004061963375592143,0.0018521320842343207,NGC-104,5.967987097061268,-72.05314967892983,2.9743589743589216
0.560381,27,CXOGlb J002352.4-720533,X,00 23 52.544,-72 05 32.99,2CXO J002352.4-720533,CV,0.9134735069178694,0.8451433837471699,0.001812559432562346,0.9134735069178694,0.002791805115495413,3.7562916869308385E-5,0.06833012317069953,0.013090283055875401,2.814495129242702E-4,1.8270987770435164E-4,NGC-104,5.9686166256479405,-72.09261866097306,3.0666666666665634
0.450305,28,CXOGlb J002353.3-720707,X,00 23 53.391,-72 07 07.82,2CXO J002353.4-720708,STAR,0.993827944365721,0.9906852208395193,3.3201538576671504E-5,0.0031427235262017385,0.0027778099316106016,1.6213214833458564E-5,1.5508658161745266E-4,0.993827944365721,2.8613504479159858E-5,1.840733696000687E-5,NGC-104,5.972676761226751,-72.11894527593255,4.874999999999867
0.313069,29,CXOGlb J002353.4-720511,X,00 23 53.548,-72 05 11.20,2CXO J002353.5-720511,CV,0.4485342189072362,0.03152138090416945,0.05356300377513701,0.4485342189072362,0.41701283800306677,3.6584043438533487E-4,0.001557244426366792,0.07855797539974428,3.5132776656672147E-4,5.755128749678271E-5,NGC-104,5.9730316375823245,-72.08652738233684,5.19999999999949
0.157061,30,CXOGlb J002353.9-720350,X,00 23 53.982,-72 03 50.07,2CXO J002353.9-720350,CV,0.4485342189072362,0.03152138090416945,0.05356300377513701,0.4485342189072362,0.41701283800306677,3.6584043438533487E-4,0.001557244426366792,0.07855797539974428,3.5132776656672147E-4,5.755128749678271E-5,NGC-104,5.974991538758445,-72.06394684982938,29.47828891251369
0.144262,32,PSR J0024-7204M,Psr,00 23 54.489,-72 05 30.83,2CXO J002354.5-720530,PULSAR,0.9465031669983008,0.8947030053190959,2.8587231207394748E-5,0.051800161679204995,1.7686484761651354E-4,1.3361600880534267E-5,0.9465031669983008,0.0013565398898522398,8.177887872757898E-5,3.9538874209978875E-5,NGC-104,5.977161712958832,-72.09190934689245,6.292470028801751
0.563681,33,CXOGlb J002354.5-720355,X,00 23 54.571,-72 03 55.39,2CXO J002354.5-720355,PULSAR,0.9905198087250013,0.9816426313589212,9.052960798024964E-5,0.00887717736608022,6.598238171364164E-5,9.43561596054619E-6,0.9905198087250013,3.2139964087096935E-4,5.781825469891684E-5,5.7848407694097367E-5,NGC-104,5.977497831393919,-72.06553836591475,2.113207547169812
0.078098,34,CXOGlb J002354.5-720607,X,00 23 54.587,-72 06 07.84,2CXO J002354.6-720607,CV,0.4485342189072362,0.03152138090416945,0.05356300377513701,0.4485342189072362,0.41701283800306677,3.6584043438533487E-4,0.001557244426366792,0.07855797539974428,3.5132776656672147E-4,5.755128749678271E-5,NGC-104,5.977507903519437,-72.10216744579216,3.641025641025663
0.534784,36,CXOGlb J002354.9-720433,X,00 23 54.982,-72 04 33.76,2CXO J002354.9-720434,CV,0.9555928918332677,0.9221065166303004,2.71507318116147E-4,0.9555928918332677,1.593598053584913E-4,1.043244598353124E-5,0.010379150904983014,0.03348637520296722,5.02759180953571E-5,5.00065712286871E-5,NGC-104,5.979112586690634,-72.07619285584451,2.4705882352941253
0.306805,37,CXOGlb J002356.3-720437,X,00 23 56.315,-72 04 37.37,2CXO J002356.3-720437,PULSAR,0.9749896007962543,0.9547544238600547,0.0013321704657033898,0.020235176936199528,0.0011878987586768997,4.944934773096709E-5,0.9749896007962543,0.0019197224536132839,1.6999290220354228E-4,1.1598833961814978E-4,NGC-104,5.984621801559285,-72.0771321242973,2.500000000000055
0.311740,38,CXOGlb J002356.7-720450,X,00 23 56.731,-72 04 50.04,2CXO J002356.6-720450,PULSAR,0.7780369690489933,0.5582747103680866,7.159085547550414E-4,0.21976225868090674,3.9374883033515087E-4,1.7196915739003977E-5,0.7780369690489933,9.12495093493751E-4,7.975775326718156E-5,8.166512250985083E-5,NGC-104,5.986235982013228,-72.08064121694886,1.3469387755101263
0.253918,39,CXOGlb J002356.8-720504,X,00 23 56.796,-72 05 04.33,2CXO J002356.8-720504,STAR,0.994482839025647,0.98978453958553,3.7021290944855376E-5,0.0046982994401170266,6.121993548461525E-5,4.824207909191189E-6,7.002741495675815E-4,0.994482839025647,1.1624048243534873E-5,3.897902086124292E-6,NGC-104,5.986842765889946,-72.0845743039729,2.8372093023257507
0.318608,40,CXOGlb J002356.9-720341,X,00 23 56.915,-72 03 41.08,2CXO J002356.9-720341,CV,0.4079216009027224,0.05838939757583905,0.005187976454753778,0.4079216009027224,0.07583507349988108,0.004261865091590812,0.1530559389825457,0.34953220332688334,0.0025578703481034543,0.0016474713935192627,NGC-104,5.987187119250847,-72.06149869512252,4.666666666666847
0.113585,41,CXOGlb J002356.9-720224,X,00 23 56.977,-72 02 24.83,2CXO J002356.9-720224,PULSAR,0.5327613254605268,0.15683592063680862,0.0019146344201051175,0.37592540482371817,0.05817892493985671,4.7216571185271293E-4,0.5327613254605268,0.028573362624742006,0.0011143929419610032,0.0010597890772375198,NGC-104,5.987428144021352,-72.04026122840497,3.5555555555555887
0.159318,42,CXOGlb J002357.6-720542,X,00 23 57.687,-72 05 42.98,2CXO J002357.6-720543,PULSAR,0.977820433403684,0.9594965240487174,4.682483855401044E-5,0.01832390935496658,5.737456838556737E-5,4.956240298612445E-6,0.977820433403684,0.0036866750587548546,2.990546962649038E-5,2.992106572993922E-5,NGC-104,5.990223124676219,-72.09528328924192,2.1081081081080906
0.160843,43,CXOGlb J002357.6-720502,XB*,00 23 57.699,-72 05 01.93,2CXO J002357.6-720502,CV,0.4485342189072362,0.03152138090416945,0.05356300377513701,0.4485342189072362,0.41701283800306677,3.6584043438533487E-4,0.001557244426366792,0.07855797539974428,3.5132776656672147E-4,5.755128749678271E-5,NGC-104,5.990402224504862,-72.08391401110454,25.01831219560636
0.259638,44,CXOGlb J002357.7-720506,X,00 23 57.706,-72 05 06.30,2CXO J002357.7-720506,CV,0.9943320104567472,0.9894010302563725,1.6430048327898308E-4,0.9943320104567472,6.666198305045826E-5,3.3653630889120143E-6,0.004930980200374759,4.7035945467264974E-4,1.8886620206382598E-5,1.343543858055734E-5,NGC-104,5.990428124286609,-72.08515533447644,1.7916666666667451
0.125238,45,CXOGlb J002357.7-720414,X,00 23 57.742,-72 04 14.30,2CXO J002357.7-720414,PULSAR,0.7687835990050434,0.5408128425797084,0.0010563201351407006,0.227970756425335,5.809747835929049E-4,2.5373978613293007E-5,0.7687835990050434,0.001319194282850468,1.557756965058453E-4,1.080056929183235E-4,NGC-104,5.990531131836008,-72.07060951283236,3.0416666666666177
0.152302,46,CXOGlb J002357.8-720452,X,00 23 57.884,-72 04 52.76,2CXO J002357.8-720452,PULSAR,0.568689716832399,0.14031137804984173,7.536989103402958E-5,0.42837833878255727,4.03976182967787E-4,4.046516186498036E-5,0.568689716832399,0.0021401830302792474,1.9231393623768604E-4,7.963618265995275E-5,NGC-104,5.991114694841485,-72.08135888068641,2.944444444444488
0.113586,47,CXOGlb J002357.9-720513,X,00 23 57.895,-72 05 13.06,2CXO J002357.8-720513,PULSAR,0.9604438782281013,0.9253171311109325,9.871725967330693E-4,0.03512674711716883,5.990062094670364E-4,2.518326580733822E-5,0.9604438782281013,0.002666647194000582,1.0386772515518763E-4,4.749766356658601E-5,NGC-104,5.991126962433042,-72.08695840299205,2.681818181818234
0.345327,48,CXOGlb J002358.2-720538,X,00 23 58.250,-72 05 38.48,2CXO J002358.3-720538,CV,0.4485342189072362,0.03152138090416945,0.05356300377513701,0.4485342189072362,0.41701283800306677,3.6584043438533487E-4,0.001557244426366792,0.07855797539974428,3.5132776656672147E-4,5.755128749678271E-5,NGC-104,5.992927871735502,-72.09409037954961,2.9444444444445264
0.368311,49,CXOGlb J002358.6-720225,X,00 23 58.597,-72 02 25.64,2CXO J002358.5-720225,PULSAR,0.9972790607648692,0.9957253227508822,4.308556535755526E-5,0.0015537380139869356,2.824556302462207E-5,3.156999654818183E-6,0.9972790607648692,0.0010587830453800905,2.2795521150802645E-5,1.113452657592643E-5,NGC-104,5.993823738463219,-72.04046484445298,2.3773584905660545
0.359269,50,CXOGlb J002358.6-720436,X,00 23 58.639,-72 04 36.08,2CXO J002358.7-720436,PULSAR,0.6814202687923505,0.4446329224620304,0.0069874349012442995,0.23678734633032011,0.006505207166429023,3.454374775637737E-4,0.6814202687923505,0.06503699029254838,0.0016902364698779902,0.0012270785696659493,NGC-104,5.994653142630965,-72.076693248407,2.81355932203404
0.265296,51,CXOGlb J002358.7-720447,X,00 23 58.770,-72 04 47.45,2CXO J002358.7-720447,PULSAR,0.9963364735068035,0.9939576416803902,3.2248388661408324E-4,0.0023788318264133038,4.61906647230725E-4,9.292031772939282E-6,0.9963364735068035,3.558009041443562E-4,1.0174415159740548E-4,3.346704542367867E-5,NGC-104,5.994976562784133,-72.07991396165939,2.9444444444444606
0.355314,53,CXOGlb J002358.8-720509,X,00 23 58.988,-72 05 09.70,2CXO J002358.9-720509,CV,0.8340221100896702,0.6977515676397608,8.442752835677326E-4,0.8340221100896702,7.566973906583951E-4,3.244058521944893E-5,0.027762097202626686,0.13627054244990947,1.5633727776143271E-4,1.5549972058686472E-4,NGC-104,5.9954652110110365,-72.0860148714634,1.7826086956521368
0.285961,54,CXOGlb J002359.3-720648,X,00 23 59.356,-72 06 48.70,2CXO J002359.4-720648,PULSAR,0.7905537361493431,0.6001260507411105,0.0011098592072640613,0.19042768540823266,0.002596006804613775,1.427227970262573E-4,0.7905537361493431,0.013940507831170252,9.246273969130783E-4,3.0485440543684633E-4,NGC-104,5.997532155587066,-72.11348385271815,2.9545454545453755
0.162101,55,CXOGlb J002359.4-720358,Psr,00 23 59.392,-72 03 58.81,2CXO J002359.4-720358,CV,0.4485342189072362,0.03152138090416945,0.05356300377513701,0.4485342189072362,0.41701283800306677,3.6584043438533487E-4,0.001557244426366792,0.07855797539974428,3.5132776656672147E-4,5.755128749678271E-5,NGC-104,5.997604525467692,-72.06635113144615,10.040725778349193
0.120047,56,CXOGlb J002359.3-720459,X,00 23 59.393,-72 04 59.19,2CXO J002359.3-720459,PULSAR,0.9374360178081413,0.8767973024952295,5.278617960401122E-4,0.060638715312911845,3.810109432687626E-4,1.2679824494410666E-5,0.9374360178081413,8.718981039864372E-4,7.784386210343537E-5,5.397234905384921E-5,NGC-104,5.997448572818996,-72.0830756976963,1.6521739130434308
0.154772,57,CXOGlb J002359.3-720438,CV*,00 23 59.404,-72 04 38.46,2CXO J002359.4-720438,PULSAR,0.7278907521496102,0.4665954122274537,1.4356657645007927E-4,0.2612953399221565,7.885108833345716E-4,7.727215185008799E-5,0.7278907521496102,0.009310860700684293,3.0595680370775326E-4,1.877408122065405E-4,NGC-104,5.997522892605161,-72.07739294942016,3.4285714285714977
0.549533,58,CXOGlb J002359.3-720448,X,00 23 59.434,-72 04 47.79,2CXO J002359.3-720448,CV,0.8510824090086472,0.711906511135213,1.3089094271193525E-4,0.8510824090086472,0.0016909585107795885,7.044971783216363E-5,0.13917589787343426,0.007535137296484,1.500142546943758E-4,1.642423954165828E-4,NGC-104,5.997318007038871,-72.08005735580083,3.421052631578897
0.036259,59,CXOGlb J002359.6-720443,X,00 23 59.625,-72 04 43.03,2CXO J002359.6-720443,PULSAR,0.7728606879449947,0.5482544183437157,8.243982634701353E-4,0.22460626960127902,4.5341803756314094E-4,1.9802958601504678E-5,0.7728606879449947,0.0010295567032969572,1.215741416054369E-4,8.429234918909754E-5,NGC-104,5.998445779323504,-72.07862918883797,1.954545454545458
0.316696,60,CXOGlb J002359.9-720504,X,00 23 59.877,-72 05 04.65,2CXO J002359.9-720504,PULSAR,0.8731624032166166,0.7895322397221695,3.800726957765694E-4,0.0836301634944472,0.028954598390459968,2.1020511928457412E-4,0.8731624032166166,0.012892887921310917,5.755419035389901E-4,1.941272585652968E-4,NGC-104,5.999772959671758,-72.08463030667856,7.35831232289142
0.140130,61,CXOGlb J002359.9-720531,X,00 23 59.974,-72 05 31.93,2CXO J002359.9-720532,PULSAR,0.9988955748764504,0.9985614089247349,1.5736612483587724E-4,3.3416595171553124E-4,2.8488971852966836E-4,4.5343382806260275E-6,0.9988955748764504,2.4606900267800747E-4,6.0184803279107875E-5,1.7215184230980434E-5,NGC-104,5.999944578933139,-72.09223813951554,3.0000000000000573
0.633881,62,CXOGlb J002359.9-720513,X,00 24 00.043,-72 05 12.85,2CXO J002359.9-720513,PULSAR,0.9756168827825169,0.9611096030758283,1.4601873049247273E-4,0.008689196232621292,5.579384976059873E-4,1.1452342172823092E-4,0.9756168827825169,0.014507279706688646,2.296628415368725E-4,1.3849778680985106E-4,NGC-104,5.999806621911715,-72.08703647067233,3.263157894736848
0.307385,64,CXOGlb J002400.4-720448,X,00 24 00.395,-72 04 47.99,2CXO J002400.4-720448,PULSAR,0.9839408356763086,0.9733274984794492,1.1863977288323538E-4,0.004742700882279729,3.881214498008696E-4,8.023442717588226E-5,0.9839408356763086,0.010613337196859446,7.735666119353869E-5,3.877393349866413E-5,NGC-104,6.0019135899774465,-72.0800196533997,5.028571428571468
0.205584,65,CXOGlb J002400.4-720427,X,00 24 00.411,-72 04 27.00,2CXO J002400.4-720427,PULSAR,0.9379735506987986,0.8783572236092835,4.3734910832274456E-4,0.05961632708951514,3.982334237131565E-4,1.0709725201688406E-5,0.9379735506987986,0.0014140774969849358,1.2031909774107283E-4,2.9433359722610475E-5,NGC-104,6.001829925394134,-72.07421088139529,1.7368421052631775
0.108589,66,CXOGlb J002400.3-720546,X,00 24 00.424,-72 05 46.55,2CXO J002400.4-720546,CV,0.5583846500033971,0.2935113916332301,0.00161154153652448,0.5583846500033971,0.07142364084885645,0.0011197713658317166,0.264873258370167,0.09970123971964369,0.0017966503509944031,0.0010892478045850425,NGC-104,6.001805749325457,-72.09629155649047,5.851851851852043
0.271100,67,CXOGlb J002400.5-720516,X,00 24 00.548,-72 05 16.88,2CXO J002400.5-720517,PULSAR,0.9933070791559416,0.9882474262805858,2.429085215088638E-5,0.005059652875355863,2.9104449688642895E-5,2.5141565413863095E-6,0.9933070791559416,0.0015470102491089621,1.5170174881496329E-5,1.5178086331132285E-5,NGC-104,6.002446516482736,-72.08807836588895,1.8666666666666645
0.334069,73,CXOGlb J002401.1-720530,X,00 24 01.109,-72 05 30.28,2CXO J002401.1-720530,PULSAR,0.9962458690288823,0.9934372587433574,6.552148971789107E-5,5.445500670510932E-4,2.3380136493106319E-4,2.5610306170737553E-5,0.9962458690288823,0.002808610285524902,5.6520358241657E-5,1.95170994802005E-5,NGC-104,6.004664141726097,-72.09183628093501,2.7567567567567015
0.559950,74,CXOGlb J002401.2-720650,X,00 24 01.276,-72 06 49.99,2CXO J002401.3-720650,STAR,0.9976230602673252,0.9956420567583456,4.57217723731764E-5,7.248828180262159E-5,2.2153325822882322E-4,1.349586245104638E-5,0.0019810035089795406,0.9976230602673252,2.1877006679080324E-5,2.082004216080026E-5,NGC-104,6.0058102204023385,-72.11392097919834,2.421052631578952
0.219854,75,CXOGlb J002401.3-720448,X,00 24 01.312,-72 04 48.19,2CXO J002401.3-720448,CV,0.4485342189072362,0.03152138090416945,0.05356300377513701,0.4485342189072362,0.41701283800306677,3.6584043438533487E-4,0.001557244426366792,0.07855797539974428,3.5132776656672147E-4,5.755128749678271E-5,NGC-104,6.005590292122007,-72.08010055571769,5.635662140196782
0.156471,76,CXOGlb J002401.3-720445,X,00 24 01.364,-72 04 45.63,2CXO J002401.3-720445,STAR,0.9973737216449692,0.9947616693188079,3.249428703561794E-7,0.002612052326161209,1.104869389529421E-5,2.822025322313683E-7,1.91000546745135E-6,0.9973737216449692,4.025005525000241E-7,2.57683551791339E-7,NGC-104,6.005778610442803,-72.07937375517554,8.913914818477386
0.161721,77,CXOGlb J002401.3-720427,X,00 24 01.368,-72 04 27.26,2CXO J002401.3-720427,PULSAR,0.9146926109840574,0.830470972073747,2.1271442550876955E-4,0.08422163891031038,3.9922760188615376E-4,2.2987847206217898E-5,0.9146926109840574,3.0267216355684095E-4,1.0123980888202259E-4,4.6908258592138566E-5,NGC-104,6.005554789817153,-72.07423435847306,3.7435897435898537
0.170747,78,CXOGlb J002401.3-720504,X,00 24 01.388,-72 05 04.33,2CXO J002401.4-720504,PULSAR,0.9713921814890408,0.9588624097472309,0.003173079507556721,0.01252977174180996,0.004889872167177022,1.281410442830373E-4,0.9713921814890408,0.006677526783631007,9.828009274711945E-4,2.2662633903008694E-4,NGC-104,6.005894427748218,-72.0845690004825,3.0476190476189577
0.199821,79,CXOGlb J002401.4-720441,CV*,00 24 01.434,-72 04 41.72,2CXO J002401.4-720441,PULSAR,0.9764079526922032,0.9535494703916038,5.1790069117481145E-5,0.02285848230059936,4.779556842677798E-4,6.038591762256663E-6,0.9764079526922032,7.21836427858305E-5,1.0240909076904566E-4,2.3187928495085186E-5,NGC-104,6.0059878779158,-72.07831091970223,5.629648439094707
0.178341,80,CXOGlb J002401.6-720257,X,00 24 01.687,-72 02 57.68,2CXO J002401.6-720257,CV,0.4485342189072362,0.03152138090416945,0.05356300377513701,0.4485342189072362,0.41701283800306677,3.6584043438533487E-4,0.001557244426366792,0.07855797539974428,3.5132776656672147E-4,5.755128749678271E-5,NGC-104,6.007049035246383,-72.04940471492026,9.755725950825164
0.229252,81,CXOGlb J002401.7-720512,X,00 24 01.775,-72 05 12.30,2CXO J002401.7-720512,PULSAR,0.9942905479847002,0.9887804511294414,1.774561953391286E-5,0.005510096855258777,1.1041404058965563E-5,1.292743331080563E-6,0.9942905479847002,1.5850597479780088E-4,5.4178551002060725E-6,5.351563218943213E-6,NGC-104,6.007215074936767,-72.08678105231344,2.829268292682947
0.104932,82,[GHE2001] W305,X,00 24 02.043,-72 04 25.53,2CXO J002402.0-720425,PULSAR,0.8661497438554034,0.7344129575494409,6.877557564345967E-4,0.13173678630596253,3.7826482565926113E-4,1.6795201311285236E-5,0.8661497438554034,8.58909559425533E-4,1.0142344959677715E-4,7.032104620668814E-5,NGC-104,6.008433470482999,-72.07374227418151,2.0
0.400990,85,CXOGlb J002402.1-720450,CV*,00 24 02.226,-72 04 50.63,2CXO J002402.1-720450,PULSAR,0.7480870435568643,0.5037541624849008,0.002290659922947808,0.24433288107196352,0.0016050651914837548,5.5037047869573446E-5,0.7480870435568643,0.0030263888589433055,3.3578174773131025E-4,2.671426021963113E-4,NGC-104,6.008913169045683,-72.08072692649941,3.1428571428571037
0.134511,87,CXOGlb J002402.5-720511,CV*,00 24 02.533,-72 05 11.25,2CXO J002402.5-720511,CV,0.4485342189072362,0.03152138090416945,0.05356300377513701,0.4485342189072362,0.41701283800306677,3.6584043438533487E-4,0.001557244426366792,0.07855797539974428,3.5132776656672147E-4,5.755128749678271E-5,NGC-104,6.010642556871915,-72.08648396417962,22.517893947341122
0.294510,88,CXOGlb J002402.5-720434,X,00 24 02.584,-72 04 34.39,2CXO J002402.6-720434,CV,0.9654870993031618,0.9332365736690917,2.9602973969268747E-5,0.9654870993031618,1.4115976985775057E-4,1.5893470415267177E-5,0.03225052563407005,0.001964911169244974,8.001362202079733E-5,3.0794057260377867E-5,NGC-104,6.0108984047059275,-72.07629050016105,4.3888888888891335
0.384971,89,CXOGlb J002402.6-720538,X,00 24 02.597,-72 05 38.41,2CXO J002402.6-720538,CV,0.4485342189072362,0.03152138090416945,0.05356300377513701,0.4485342189072362,0.41701283800306677,3.6584043438533487E-4,0.001557244426366792,0.07855797539974428,3.5132776656672147E-4,5.755128749678271E-5,NGC-104,6.011108673854152,-72.09406280674115,8.152522791042339
0.014365,90,CXOGlb J002402.6-720441,X,00 24 02.658,-72 04 41.47,2CXO J002402.6-720441,PULSAR,0.9666713318399711,0.948873949081398,3.185187364776798E-4,0.01779738275857309,8.970462511795385E-4,9.646946170405784E-5,0.9666713318399711,0.014033839438462599,1.1940752300260977E-4,6.600399062941223E-5,NGC-104,6.011079498686513,-72.07818236878427,3.641025641025643
0.326178,93,CXOGlb J002403.0-720426,X,00 24 03.038,-72 04 26.58,2CXO J002403.1-720426,STAR,0.9333167526901341,0.8723629725062523,4.1533976347181383E-5,0.060953780183881846,0.00531383625980208,1.0475225255909407E-5,2.534772214481444E-4,0.9333167526901341,9.970682253282162E-5,1.0437620597821181E-5,NGC-104,6.012945636933012,-72.07406974030104,7.258592042904402
0.108462,95,CXOGlb J002403.2-720429,X,00 24 03.217,-72 04 29.62,2CXO J002403.2-720429,PULSAR,0.9169536094162063,0.841213995016055,4.1016414199129254E-5,0.07573961440015131,7.055451000030146E-4,2.202120524414015E-5,0.9169536094162063,0.006380504174643537,9.627565529425286E-5,6.141363425820923E-5,NGC-104,6.013351439627343,-72.0749198289583,5.727809747753434
0.183100,96,CXOGlb J002403.3-720524,X,00 24 03.296,-72 05 24.66,2CXO J002403.3-720524,PULSAR,0.9481542163687848,0.9065146847254022,1.035560800843196E-4,0.0416395316433826,4.6118487946097313E-4,1.1268369512326572E-4,0.9481542163687848,0.009330799168605238,9.43609764202515E-5,1.0366718813841721E-4,NGC-104,6.01386979372819,-72.09021207091519,3.7435897435898577
0.163688,97,Cl* NGC  104    EGG V8,EB*,00 24 03.464,-72 05 05.20,2CXO J002403.4-720505,CV,0.4485342189072362,0.03152138090416945,0.05356300377513701,0.4485342189072362,0.41701283800306677,3.6584043438533487E-4,0.001557244426366792,0.07855797539974428,3.5132776656672147E-4,5.755128749678271E-5,NGC-104,6.0145142115000585,-72.08481583638246,45.8446958289357
0.932746,99,CXOGlb J002403.6-720522,X,00 24 03.516,-72 05 22.54,2CXO J002403.7-720522,PULSAR,0.9157740108271901,0.8396159268998572,7.234632873692566E-5,0.07615808392733288,2.756607702928041E-4,4.188837567559044E-5,0.9157740108271901,0.007496838375560582,1.1394143995630599E-4,6.722995525475368E-5,NGC-104,6.015491698184178,-72.08960580874349,4.5555555555557055
0.072278,104,CXOGlb J002403.7-720423,CV*,00 24 03.776,-72 04 22.96,2CXO J002403.7-720423,CV,0.4485342189072362,0.03152138090416945,0.05356300377513701,0.4485342189072362,0.41701283800306677,3.6584043438533487E-4,0.001557244426366792,0.07855797539974428,3.5132776656672147E-4,5.755128749678271E-5,NGC-104,6.015749645639801,-72.07306388364992,16.146585013488007
0.215571,106,CXOGlb J002403.8-720621,CV*,00 24 03.835,-72 06 21.61,2CXO J002403.8-720621,CV,0.994468532294889,0.9906935252952764,3.473329527667614E-4,0.994468532294889,0.003775006999612514,1.222541656957378E-5,5.032993717011512E-4,3.114282893029228E-5,8.586738768351942E-4,3.786258695513311E-6,NGC-104,6.0161362441322686,-72.10603822346606,15.947227783387945
0.102193,109,CXOGlb J002404.1-720512,BY*,00 24 04.145,-72 05 12.47,2CXO J002404.1-720512,PULSAR,0.9645531658145423,0.945581809938583,0.0035789903941339345,0.01897135587595936,0.005575236815767664,1.1417588464453751E-4,0.9645531658145423,0.006290724226279407,6.666943630550133E-4,2.4965662561775477E-4,NGC-104,6.017314668114864,-72.08682220309704,3.095238095238201
0.311943,110,CXOGlb J002404.1-720420,X,00 24 04.191,-72 04 20.11,2CXO J002404.2-720420,PULSAR,0.8174691614108183,0.691847190584496,5.3556220021870284E-5,0.12562197082632232,6.422608310133882E-4,4.494359159868567E-5,0.8174691614108183,0.05597529694338442,1.0820796679665665E-4,8.460221004448342E-5,NGC-104,6.017691475878166,-72.0723031816781,5.2941176470588305
0.106620,113,Cl* NGC  104    EGG V19,EB*,00 24 04.345,-72 05 01.35,2CXO J002404.3-720501,CV,0.7783950946017433,0.6048022795237129,9.409747249965236E-4,0.7783950946017433,0.04575590954951261,2.3129987752826114E-5,0.1735928150780304,5.101938145617625E-4,7.410712513335237E-4,4.08109920689687E-5,NGC-104,6.018134745074463,-72.08373641645184,12.45169242923301
0.061527,120,CXOGlb J002404.6-720509,X,00 24 04.669,-72 05 09.40,2CXO J002404.6-720509,PULSAR,0.8877908135944982,0.7790039994106194,9.469924094575405E-4,0.10878681418387884,6.835396573544744E-4,2.2747805655835415E-5,0.8877908135944982,0.0015326119818585,1.3965311960028844E-4,9.682724769629693E-5,NGC-104,6.019508822966429,-72.08594752017615,2.318181818181884
0.147233,124,CXOGlb J002404.9-720522,X,00 24 04.935,-72 05 22.57,2CXO J002404.9-720522,PULSAR,0.9424810497519123,0.8874747149640428,6.836075010259299E-4,0.05500633478786938,4.934282813141844E-4,1.6421008682759028E-5,0.9424810497519123,0.0011484500644433674,1.0081170571907199E-4,6.989689903301391E-5,NGC-104,6.020605283310998,-72.08964150177752,2.711111111111013
0.437871,125,CXOGlb J002404.9-720506,CV*,00 24 04.956,-72 05 06.08,2CXO J002405.0-720506,CV,0.9352031658847242,0.8844995315439215,8.652252265953788E-5,0.9352031658847242,0.005585437129315171,4.6301085459383496E-5,0.008195070537225502,0.050703634340802745,1.4806540320698E-4,3.180309660643272E-5,NGC-104,6.021003623784679,-72.08507664401832,4.187499999999706
0.406283,127,CXOGlb J002404.9-720329,X,00 24 04.989,-72 03 29.84,2CXO J002405.0-720330,PULSAR,0.9164330234889532,0.8392891632520874,1.738413759816281E-4,0.07714386023686577,0.0022066394189772863,7.869622219205419E-5,0.9164330234889532,0.00344995429409524,3.104216683020486E-4,2.035632946327114E-4,NGC-104,6.020905669724924,-72.05839571336351,4.944444444444624
0.155162,130,CXOGlb J002405.1-720502,XB?,00 24 05.056,-72 05 02.77,2CXO J002405.0-720502,STAR,0.8189402368106852,0.6383079155953646,2.766369761478227E-5,2.437417837300028E-4,1.1028398309517555E-4,6.564582847731039E-6,0.18063232121532058,0.8189402368106852,2.714701753855286E-5,1.2040909168052438E-5,NGC-104,6.021204585344607,-72.08409518551117,4.050000000000162
0.184278,132,CXOGlb J002405.1-720604,XB*,00 24 05.156,-72 06 04.46,2CXO J002405.1-720604,CV,0.4485342189072362,0.03152138090416945,0.05356300377513701,0.4485342189072362,0.41701283800306677,3.6584043438533487E-4,0.001557244426366792,0.07855797539974428,3.5132776656672147E-4,5.755128749678271E-5,NGC-104,6.0216421903620585,-72.10125427142863,7.254109302030737
0.237253,136,CXOGlb J002405.2-720315,X,00 24 05.274,-72 03 15.78,2CXO J002405.2-720315,PULSAR,0.9787917631921393,0.9618018412172571,9.003940855094767E-5,0.016989921974882298,1.0710028261907669E-4,9.362626422494649E-6,0.9787917631921393,0.003907772051637481,5.336234153798205E-5,5.067812221067784E-5,NGC-104,6.021881732916597,-72.05444264157481,2.7906976744185004
0.192644,138,CXOGlb J002405.3-720421,CV*,00 24 05.364,-72 04 21.53,2CXO J002405.3-720421,CV,0.9753004500774255,0.9593093999602051,3.0199709883929697E-4,0.9753004500774255,0.007611011223099879,1.1817229604426777E-5,0.015991050117220327,1.716816186973309E-4,5.874591804797257E-4,2.453345463364211E-5,NGC-104,6.0224902059594,-72.07267886148215,10.20306132218847
0.284932,140,CXOGlb J002405.4-720457,V*,00 24 05.440,-72 04 57.06,2CXO J002405.4-720457,CV,0.5854936438823193,0.1737077262822832,3.9058134778804953E-4,0.5854936438823193,4.2805173794837E-4,1.8819179458529557E-5,0.4117859176000361,0.001603340678934594,2.190907060274614E-4,6.0554867487900466E-5,NGC-104,6.022810303885307,-72.08258232981582,3.349999999999985
0.303833,141,CXOGlb J002405.6-720504,CV*,00 24 05.662,-72 05 04.51,2CXO J002405.6-720504,CV,0.4485342189072362,0.03152138090416945,0.05356300377513701,0.4485342189072362,0.41701283800306677,3.6584043438533487E-4,0.001557244426366792,0.07855797539974428,3.5132776656672147E-4,5.755128749678271E-5,NGC-104,6.023684383579964,-72.0845066780803,7.437122417368865
0.305966,142,PSR J0024-7204R,Psr,00 24 05.670,-72 04 52.62,2CXO J002405.7-720452,PULSAR,0.9994695938581579,0.999072409780492,3.236383538181921E-5,3.971840776659135E-4,3.466775264778231E-5,1.5364232362050375E-6,0.9994695938581579,4.852001452118325E-5,9.570136262251143E-6,6.563902127020262E-6,NGC-104,6.0238955683814766,-72.08126619783637,3.0476190476190888
0.195865,143,CXOGlb J002405.6-720452,BY*,00 24 05.694,-72 04 52.61,2CXO J002405.7-720452,PULSAR,0.9994695938581579,0.999072409780492,3.236383538181921E-5,3.971840776659135E-4,3.466775264778231E-5,1.5364232362050375E-6,0.9994695938581579,4.852001452118325E-5,9.570136262251143E-6,6.563902127020262E-6,NGC-104,6.0238955683814766,-72.08126619783637,3.0476190476190888
0.342401,146,CXOGlb J002406.0-720501,X,00 24 05.998,-72 05 01.37,2CXO J002406.0-720501,CV,0.4485342189072362,0.03152138090416945,0.05356300377513701,0.4485342189072362,0.41701283800306677,3.6584043438533487E-4,0.001557244426366792,0.07855797539974428,3.5132776656672147E-4,5.755128749678271E-5,NGC-104,6.025250184878927,-72.08376605806328,7.6292701641244545
0.095232,147,CXOGlb J002406.0-720346,X,00 24 06.013,-72 03 46.23,2CXO J002406.0-720346,CV,0.4485342189072362,0.03152138090416945,0.05356300377513701,0.4485342189072362,0.41701283800306677,3.6584043438533487E-4,0.001557244426366792,0.07855797539974428,3.5132776656672147E-4,5.755128749678271E-5,NGC-104,6.025092006977786,-72.06286541475437,9.369568905782767
0.071553,148,Cl* NGC  104    MAM M54898,CV*,00 24 06.013,-72 04 56.20,2CXO J002406.0-720456,CV,0.9952214470111811,0.9927944470760739,1.756872777578486E-4,0.9952214470111811,0.002426999935107236,4.9509537600031843E-5,9.617707617429305E-4,0.001094201776357765,6.4089165214495E-5,6.294535038574364E-6,NGC-104,6.0251167916911195,-72.08228266126895,25.99244118425901
0.099929,151,CXOGlb J002406.0-720725,X,00 24 06.085,-72 07 25.44,2CXO J002406.1-720725,PULSAR,0.9520713333003503,0.9200027295205138,3.185512255406987E-4,0.0320686037798365,3.238656257955838E-4,2.7548713938037667E-5,0.9520713333003503,0.014841243971175472,2.055849199498003E-4,1.4326846341353983E-4,NGC-104,6.025435236778151,-72.1237456309184,2.4878048780488027
0.132610,154,CXOGlb J002406.1-720542,X,00 24 06.172,-72 05 42.84,2CXO J002406.1-720542,PULSAR,0.9822533414117245,0.9684174538896406,2.165964400927874E-4,0.0020827240440909928,0.0011854110043395434,6.921062040715143E-5,0.9822533414117245,0.013835887522083829,2.222566510857775E-4,1.3457230617532493E-4,NGC-104,6.025797395905727,-72.09526055316651,4.162162162162495
0.141595,155,Cl* NGC  104  AGBWF  2-6,EB*,00 24 06.314,-72 04 16.94,2CXO J002406.3-720417,CV,0.4485342189072362,0.03152138090416945,0.05356300377513701,0.4485342189072362,0.41701283800306677,3.6584043438533487E-4,0.001557244426366792,0.07855797539974428,3.5132776656672147E-4,5.755128749678271E-5,NGC-104,6.026374341347719,-72.07140589885779,4.499999999999937
0.175669,156,CXOGlb J002406.3-720439,X,00 24 06.346,-72 04 38.96,2CXO J002406.3-720439,CV,0.4485342189072362,0.03152138090416945,0.05356300377513701,0.4485342189072362,0.41701283800306677,3.6584043438533487E-4,0.001557244426366792,0.07855797539974428,3.5132776656672147E-4,5.755128749678271E-5,NGC-104,6.026591134594638,-72.07750518421655,6.498099686455324
0.113304,157,CXOGlb J002406.3-720443,CV*,00 24 06.397,-72 04 42.97,2CXO J002406.4-720443,CV,0.4485342189072362,0.03152138090416945,0.05356300377513701,0.4485342189072362,0.41701283800306677,3.6584043438533487E-4,0.001557244426366792,0.07855797539974428,3.5132776656672147E-4,5.755128749678271E-5,NGC-104,6.026675631401758,-72.07863355014037,53.276857862187356
0.250210,159,Cl* NGC  104  AGBWF  2-17,BY*,00 24 06.436,-72 04 30.11,2CXO J002406.4-720430,PULSAR,0.99795213446269,0.9972061538086285,2.510645128590127E-4,7.459806540614685E-4,6.94794545697837E-4,7.308087155225732E-6,0.99795213446269,2.969699475456891E-4,3.291443429304621E-5,1.8833355697603842E-5,NGC-104,6.026943324719298,-72.07508809726417,3.4117647058824145
0.221229,163,PSR J0024-72H,Psr,00 24 06.686,-72 04 06.74,2CXO J002406.7-720406,PULSAR,0.987410191296212,0.9751460605675066,2.731210573619933E-5,0.012264130728705346,1.4241660189417992E-4,3.7506821363234077E-6,0.987410191296212,4.7879600194259764E-5,8.935025645944484E-5,1.496872866240783E-5,NGC-104,6.027985828877206,-72.06858617101801,6.57964218194705
0.226692,164,CXOGlb J002406.8-720512,XB*,00 24 06.869,-72 05 12.29,2CXO J002406.8-720512,CV,0.4485342189072362,0.03152138090416945,0.05356300377513701,0.4485342189072362,0.41701283800306677,3.6584043438533487E-4,0.001557244426366792,0.07855797539974428,3.5132776656672147E-4,5.755128749678271E-5,NGC-104,6.02863400818444,-72.08681006164045,11.074097611980038
0.154163,165,CXOGlb J002406.9-720509,X,00 24 06.918,-72 05 09.90,2CXO J002406.9-720509,PULSAR,0.5655713433749874,0.18157926559673637,0.006769677053690806,0.383992077778251,0.007586822939175493,1.0779321199897769E-4,0.5655713433749874,0.03472170841410384,6.870367295746304E-4,5.63540498217858E-4,NGC-104,6.028950727198263,-72.08606494100451,1.574468085106385
0.163756,166,[GHE2001] W201,X,00 24 07.060,-72 04 42.68,2CXO J002407.0-720442,STAR,0.9989130935362326,0.9980971942470328,1.822196454060596E-5,8.158992891998271E-4,2.5033068969259268E-5,2.6817494626943618E-6,1.6170605327244558E-4,0.9989130935362326,6.213956158348789E-5,1.2247767392096975E-6,NGC-104,6.029553255919211,-72.07853961707376,6.669429560747812
0.219723,168,CXOGlb J002407.1-720545,CV*,00 24 07.141,-72 05 45.67,2CXO J002407.1-720545,CV,0.9885681076096675,0.9808388768282076,3.168293546925395E-4,0.9885681076096675,0.007729230781459883,1.0148610770052542E-4,9.933726223323668E-4,0.0022196846949237956,5.747842261935625E-5,1.381040660426065E-5,NGC-104,6.029836561438684,-72.09607497435769,18.168453609963624
0.284788,169,CXOGlb J002407.1-720507,X,00 24 07.150,-72 05 07.00,2CXO J002407.1-720507,PULSAR,0.9443902368662803,0.8936931754123596,6.217994354434315E-5,0.05069706145392072,0.004624286096291968,7.441976078714376E-6,0.9443902368662803,9.754383209823881E-5,9.151258093259133E-5,2.9737250853166276E-5,NGC-104,6.029991183355207,-72.08532769361172,5.500000000000253
0.170546,171,Cl* NGC  104    EGG V24,BY*,00 24 07.224,-72 04 57.39,2CXO J002407.2-720457,PULSAR,0.8340134973944046,0.7640989033333448,0.010214600365567457,0.06326687109606949,0.06991459406105974,2.559677019086848E-4,0.8340134973944046,0.019733295413129456,0.0020505545714273863,5.50619396433227E-4,NGC-104,6.0301379262717205,-72.08265424795908,7.9360559000524065
0.128451,172,CXOGlb J002407.2-720446,X,00 24 07.246,-72 04 46.44,2CXO J002407.2-720446,PULSAR,0.9064513618490426,0.8473093085765152,6.854329815155885E-4,0.03100544324550901,0.0019340080160282537,2.656437216693115E-4,0.9064513618490426,0.0591420532725274,3.804458079458311E-4,1.356111057620108E-4,NGC-104,6.0302763774103605,-72.07959103324293,3.7368421052630336
0.113806,173,CXOGlb J002407.3-720519,X,00 24 07.281,-72 05 19.58,2CXO J002407.3-720519,PULSAR,0.9733615790842821,0.9534383884010569,4.6917513354661845E-5,0.019923190683225185,1.4864551936052923E-4,2.226065481334226E-5,0.9733615790842821,0.006409678717705663,6.044843685508145E-5,2.727939040346056E-5,NGC-104,6.030436721679906,-72.08878048118635,4.4444444444441285
0.254860,175,Cl* NGC  104    EGG V18,EB*,00 24 07.337,-72 05 04.37,2CXO J002407.3-720504,CV,0.8879838755530801,0.7792857511208148,8.742988315506992E-4,0.8879838755530801,6.276366783294259E-4,1.7907391542350354E-5,0.10869812443226534,0.0016462045364487243,8.646924679488158E-5,6.548332998836423E-5,NGC-104,6.030772929196246,-72.08451335360849,2.3750000000000253
0.293601,178,CXOGlb J002407.5-720620,BY*,00 24 07.523,-72 06 20.09,2CXO J002407.5-720620,PULSAR,0.7067401328057259,0.4527814150697754,0.0016302104057489923,0.2539587177359505,6.62243678104193E-4,5.633188641292067E-5,0.7067401328057259,0.036172110181151344,4.8729651677382807E-4,2.929567901324719E-4,NGC-104,6.03159619086142,-72.10560764407073,2.2727272727273773
0.197401,182,CXOGlb J002407.7-720431,X,00 24 07.729,-72 04 31.24,2CXO J002407.7-720431,CV,0.4485342189072362,0.03152138090416945,0.05356300377513701,0.4485342189072362,0.41701283800306677,3.6584043438533487E-4,0.001557244426366792,0.07855797539974428,3.5132776656672147E-4,5.755128749678271E-5,NGC-104,6.032338072629955,-72.07538061513691,3.0243902439026082
0.187079,185,Cl* NGC  104    EGG V4,EB*,00 24 07.812,-72 04 58.40,2CXO J002407.8-720458,PULSAR,0.9089422703046944,0.8194677192365678,1.5689810501088265E-4,0.08947455106812659,7.911549776919057E-4,1.8445826832401734E-5,0.9089422703046944,2.975168700409164E-4,2.6024781031987225E-4,5.891503728307729E-5,NGC-104,6.032715237329569,-72.08289967906552,3.2682926829269574
0.402185,187,Cl* NGC  104    FDP    2835,EB*,00 24 07.885,-72 05 02.00,2CXO J002407.9-720502,PULSAR,0.9057458008360483,0.8156465705301112,0.0011155866183509742,0.090099230305937,9.29523463513859E-4,2.679762512672644E-5,0.9057458008360483,0.0018054647545328272,1.635308762784373E-4,1.1406552021216303E-4,NGC-104,6.033214054480312,-72.08390386127957,3.3658536585364986
0.225806,188,CXOGlb J002407.9-720454,CV*,00 24 07.924,-72 04 54.75,2CXO J002407.9-720454,CV,0.4485342189072362,0.03152138090416945,0.05356300377513701,0.4485342189072362,0.41701283800306677,3.6584043438533487E-4,0.001557244426366792,0.07855797539974428,3.5132776656672147E-4,5.755128749678271E-5,NGC-104,6.033177842699787,-72.08191341095612,16.468858454547842
0.407127,190,[GHE2001] W197,X,00 24 08.021,-72 04 51.28,2CXO J002408.1-720451,STAR,0.5690691091152768,0.15475906568944642,4.044017907466197E-5,0.01622505076145264,1.2799422460068384E-4,1.6914244755530082E-4,0.41431004342583033,0.5690691091152768,2.4934913113207556E-5,3.328493309647301E-5,NGC-104,6.033777406316857,-72.08088365886552,3.9999999999997633
0.225677,192,Cl* NGC  104    EGG V29,BY*,00 24 08.163,-72 05 13.23,2CXO J002408.1-720513,PULSAR,0.8834909678174102,0.770298396193023,7.302627977006249E-5,0.11319257162438719,0.0028011448424192145,9.945249557112462E-6,0.8834909678174102,1.7607891818462065E-4,2.3521299226921064E-4,2.1052276002257884E-5,NGC-104,6.034125732193445,-72.08706045680344,7.677709781439148
0.146173,196,GEN# +2.01040017,X,00 24 08.305,-72 04 31.43,2CXO J002408.3-720431,CV,0.8465241405082236,0.6963799291541317,2.951972718718216E-4,0.8465241405082236,7.573357711696775E-4,3.3655082255464963E-4,0.001800918229966697,0.15014421135409178,6.210392037947502E-5,7.954212174231025E-5,NGC-104,6.034720257866808,-72.07541651218435,23.36581611974964
0.134782,197,Cl* NGC  104    EGG V27,BY*,00 24 08.496,-72 05 00.23,2CXO J002408.4-720500,CV,0.4485342189072362,0.03152138090416945,0.05356300377513701,0.4485342189072362,0.41701283800306677,3.6584043438533487E-4,0.001557244426366792,0.07855797539974428,3.5132776656672147E-4,5.755128749678271E-5,NGC-104,6.035411043583224,-72.0834345072459,18.40082636153721
0.272814,198,CXOGlb J002408.5-720438,Psr,00 24 08.507,-72 04 38.77,2CXO J002408.5-720438,PULSAR,0.9857839964362898,0.9721728362534271,3.348236303253684E-5,0.0136111601828627,4.098053836914475E-4,3.5227981587548837E-6,0.9857839964362898,1.1641498002894392E-4,2.209169826119537E-5,1.952615767474124E-5,NGC-104,6.035660115118163,-72.07747345574295,4.210526315789699
0.119072,199,CXOGlb J002408.5-720456,X,00 24 08.530,-72 04 56.26,2CXO J002408.5-720456,CV,0.4485342189072362,0.03152138090416945,0.05356300377513701,0.4485342189072362,0.41701283800306677,3.6584043438533487E-4,0.001557244426366792,0.07855797539974428,3.5132776656672147E-4,5.755128749678271E-5,NGC-104,6.0355463900640975,-72.08232748817395,3.499999999999837
0.085177,200,PSR B0021-72T,Psr,00 24 08.54,-72 04 38.9,2CXO J002408.5-720438,PULSAR,0.9857839964362898,0.9721728362534271,3.348236303253684E-5,0.0136111601828627,4.098053836914475E-4,3.5227981587548837E-6,0.9857839964362898,1.1641498002894392E-4,2.209169826119537E-5,1.952615767474124E-5,NGC-104,6.035660115118163,-72.07747345574295,4.210526315789699
0.251589,201,CXOGlb J002408.5-720535,EB*,00 24 08.544,-72 05 35.18,2CXO J002408.5-720535,PULSAR,0.5201414375928445,0.24059643641271938,0.0011325776371866989,0.19571957252540106,0.001854602022211767,2.7785931917757205E-4,0.5201414375928445,0.2795450011801251,6.020516073520738E-4,7.268981157011959E-4,NGC-104,6.0358193671460745,-72.09312384888783,8.044217739001907
0.394709,202,[GHE2001] W186,X,00 24 08.549,-72 07 08.13,2CXO J002408.5-720708,PULSAR,0.39677437173345026,0.00783303726239637,0.002958239941064403,0.3889413344710539,0.09877847138350938,5.966300045025969E-4,0.39677437173345026,0.10776947586604452,0.003131174902553828,0.0010503016978212613,NGC-104,6.035810311325463,-72.11901793339564,3.945945945946129
0.244994,203,CXOGlb J002408.6-720449,X,00 24 08.672,-72 04 49.41,2CXO J002408.6-720449,PULSAR,0.958467779928812,0.9172687381173883,3.6273442145426354E-5,0.04119904181142377,1.335543000077528E-4,5.334307835747878E-6,0.958467779928812,8.699748406101865E-5,5.6959107874914786E-5,1.4059617839173925E-5,NGC-104,6.036118868006724,-72.08045957484774,3.3999999999998645
0.169998,204,Cl* NGC  104    EGG V41,BY*,00 24 08.757,-72 05 07.56,2CXO J002408.7-720507,CV,0.4485342189072362,0.03152138090416945,0.05356300377513701,0.4485342189072362,0.41701283800306677,3.6584043438533487E-4,0.001557244426366792,0.07855797539974428,3.5132776656672147E-4,5.755128749678271E-5,NGC-104,6.036625944353887,-72.08545373875,6.905374191720843
0.087336,205,PSR B0021-72N,Psr,00 24 09.193,-72 04 28.83,2CXO J002409.2-720428,CV,0.4485342189072362,0.03152138090416945,0.05356300377513701,0.4485342189072362,0.41701283800306677,3.6584043438533487E-4,0.001557244426366792,0.07855797539974428,3.5132776656672147E-4,5.755128749678271E-5,NGC-104,6.0383711583924065,-72.07468778381917,5.6363636363637335
0.118133,206,CXOGlb J002409.2-720543,CV*,00 24 09.219,-72 05 43.87,2CXO J002409.2-720543,CV,0.4485342189072362,0.03152138090416945,0.05356300377513701,0.4485342189072362,0.41701283800306677,3.6584043438533487E-4,0.001557244426366792,0.07855797539974428,3.5132776656672147E-4,5.755128749678271E-5,NGC-104,6.038483183576375,-72.09554403296575,6.103519863363854
0.179332,207,CXOGlb J002409.2-720511,X,00 24 09.262,-72 05 11.09,2CXO J002409.2-720511,CV,0.4485342189072362,0.03152138090416945,0.05356300377513701,0.4485342189072362,0.41701283800306677,3.6584043438533487E-4,0.001557244426366792,0.07855797539974428,3.5132776656672147E-4,5.755128749678271E-5,NGC-104,6.038738421724019,-72.08643495854768,3.3658536585363747
0.278370,208,CXOGlb J002409.5-720504,XB*,00 24 09.514,-72 05 04.58,2CXO J002409.5-720504,CV,0.4485342189072362,0.03152138090416945,0.05356300377513701,0.4485342189072362,0.41701283800306677,3.6584043438533487E-4,0.001557244426366792,0.07855797539974428,3.5132776656672147E-4,5.755128749678271E-5,NGC-104,6.039825681132925,-72.08465823393601,3.809523809524085
0.104339,209,PSR J0023-72U,Psr,00 24 09.8325,-72 03 59.667,2CXO J002409.8-720359,PULSAR,0.8314178122648447,0.6643915435973358,6.029185854197151E-5,0.16702626866750891,0.001250320531709953,7.1442009116999835E-6,0.8314178122648447,9.731931664362534E-5,1.1027345916116405E-4,3.05697006779986E-5,NGC-104,6.041055938218791,-72.0665850888972,7.807328817631383
0.025105,210,Cl* NGC  104  AGBWF  2-4,EB*,00 24 09.834,-72 03 47.95,2CXO J002409.8-720347,PULSAR,0.9984537591201341,0.99697437983495,1.4148708409111653E-5,0.0014793792851841717,1.0570848565310568E-5,1.2946508086108538E-6,0.9984537591201341,2.8984509376060885E-5,6.338227759931329E-6,5.5246497626438716E-6,NGC-104,6.040972347304263,-72.06331251879703,2.4186046511629407
0.125457,211,Cl* NGC  104  AGBWF  2-7,XB*,00 24 10.000,-72 04 51.73,2CXO J002410.0-720451,PULSAR,0.9591444471674959,0.9209550885477095,7.357284962198674E-4,0.03818935861978641,8.102493416097529E-4,2.586753168716071E-5,0.9591444471674959,9.267712777199766E-4,8.067262236373573E-5,8.690494311720782E-5,NGC-104,6.041758805013274,-72.08105638007959,3.550000000000032
0.224288,213,CXOGlb J002410.0-720441,CV*,00 24 10.048,-72 04 41.20,2CXO J002410.0-720441,CV,0.9987963919165698,0.9980915453252256,1.376851155353231E-5,0.9987963919165698,4.5564754814571225E-4,1.1611262391276627E-6,7.048465913441319E-4,1.7199531583438722E-5,7.824882520476038E-6,3.159892044028657E-6,NGC-104,6.042058580528022,-72.07813096007614,8.279288591797322
0.163425,214,CXOGlb J002410.2-720401,XB*,00 24 10.217,-72 04 01.51,2CXO J002410.2-720401,PULSAR,0.7409118204343532,0.49269690208792133,3.617672259364038E-4,0.2482149183464319,0.001210345363564127,2.708809557908506E-4,0.7409118204343532,0.00820360085591136,3.7041557326981944E-4,4.5625124474259855E-4,NGC-104,6.042658594501404,-72.06712258835184,4.235294117647187
0.127569,215,CXOGlb J002410.4-720459,XB*,00 24 10.484,-72 04 59.92,2CXO J002410.4-720500,PULSAR,0.6910138369422062,0.38533077074314115,1.1238651889423379E-4,0.30568306619906505,0.0025893727974617238,1.3708329297456902E-5,0.6910138369422062,1.794690228291291E-4,3.736076678208106E-4,3.455252242526587E-5,NGC-104,6.043717938577004,-72.08334490995288,9.037727874381769
0.321328,216,Cl* NGC  104  AGBWF  4-6,BY*,00 24 10.512,-72 05 06.35,2CXO J002410.5-720506,CV,0.9257749062730105,0.852193998388223,3.859480479707359E-5,0.9257749062730105,4.712104426754434E-4,4.4718080742783015E-6,0.07358090788478758,8.264780876177809E-5,3.0050945072890028E-5,1.7210032820436266E-5,NGC-104,6.043942863869178,-72.08517491232855,5.5151515151517145
0.775415,217,CXOGlb J002410.5-720444,X,00 24 10.593,-72 04 44.18,2CXO J002410.7-720444,PULSAR,0.8673047095843096,0.741643153998218,2.5701127872865807E-4,0.1256615555860916,5.882393724493415E-4,3.0101913643510113E-5,0.8673047095843096,0.0058171742509018865,1.6069605604218329E-4,1.8051195783317598E-4,NGC-104,6.044585102188535,-72.07910449300468,2.3555555555555663
0.110919,218,CXOGlb J002410.6-720529,XB*,00 24 10.598,-72 05 29.21,2CXO J002410.6-720529,CV,0.4485342189072362,0.03152138090416945,0.05356300377513701,0.4485342189072362,0.41701283800306677,3.6584043438533487E-4,0.001557244426366792,0.07855797539974428,3.5132776656672147E-4,5.755128749678271E-5,NGC-104,6.044218369085115,-72.09147188993255,5.852026570245571
0.161814,219,CXOGlb J002410.6-720516,CV*,00 24 10.642,-72 05 16.37,2CXO J002410.6-720516,CV,0.4485342189072362,0.03152138090416945,0.05356300377513701,0.4485342189072362,0.41701283800306677,3.6584043438533487E-4,0.001557244426366792,0.07855797539974428,3.5132776656672147E-4,5.755128749678271E-5,NGC-104,6.044487749636972,-72.08787923921531,6.975452162654526
0.077645,220,CXOGlb J002410.7-720425,CV*,00 24 10.763,-72 04 25.71,2CXO J002410.7-720425,CV,0.4485342189072362,0.03152138090416945,0.05356300377513701,0.4485342189072362,0.41701283800306677,3.6584043438533487E-4,0.001557244426366792,0.07855797539974428,3.5132776656672147E-4,5.755128749678271E-5,NGC-104,6.044884553019074,-72.07382630961833,23.779474544099745
0.201170,221,CXOGlb J002410.7-720418,X,00 24 10.794,-72 04 18.77,2CXO J002410.7-720418,PULSAR,0.9464425351661568,0.9020663359589748,3.565312196624383E-4,0.044376199207182034,2.649848767189338E-4,2.236294047047951E-5,0.9464425351661568,0.008244753480252161,1.599079606869749E-4,1.3272514887020893E-4,NGC-104,6.044985924518813,-72.07193633492201,2.4444444444446
0.311158,222,CXOGlb J002410.8-720415,X,00 24 10.861,-72 04 15.84,2CXO J002410.7-720415,PULSAR,0.8641459111547717,0.7318520789629851,0.001721726711855866,0.13229383219178661,4.927045520895816E-4,2.0071395905495885E-5,0.8641459111547717,0.0011798628738748016,9.808116160529193E-5,4.78099581106219E-5,NGC-104,6.044977355611309,-72.07105219615384,1.7916666666667462
0.076543,223,CXOGlb J002410.9-720408,X,00 24 10.972,-72 04 08.01,2CXO J002410.9-720408,PULSAR,0.5828617968439637,0.1783599433418933,0.0058849944290616275,0.40450185350207035,0.002145550532796167,7.628242970726192E-5,0.5828617968439637,0.004032862121495112,3.3324202396687875E-4,1.6341811693877819E-4,NGC-104,6.045662973182233,-72.06890503828706,2.0
0.114695,224,CXOGlb J002410.9-720505,X,00 24 10.972,-72 05 05.00,2CXO J002410.9-720504,CV,0.4485342189072362,0.03152138090416945,0.05356300377513701,0.4485342189072362,0.41701283800306677,3.6584043438533487E-4,0.001557244426366792,0.07855797539974428,3.5132776656672147E-4,5.755128749678271E-5,NGC-104,6.045819602961672,-72.08471869928199,4.3243243243242
0.171746,225,[GHE2001] W251,BY*,00 24 11.059,-72 04 44.03,2CXO J002411.0-720444,CV,0.4485342189072362,0.03152138090416945,0.05356300377513701,0.4485342189072362,0.41701283800306677,3.6584043438533487E-4,0.001557244426366792,0.07855797539974428,3.5132776656672147E-4,5.755128749678271E-5,NGC-104,6.046231644235263,-72.07890586243325,9.386297296624196
0.185398,226,CXOGlb J002411.0-720620,CV*,00 24 11.090,-72 06 20.04,2CXO J002411.1-720620,CV,0.4485342189072362,0.03152138090416945,0.05356300377513701,0.4485342189072362,0.41701283800306677,3.6584043438533487E-4,0.001557244426366792,0.07855797539974428,3.5132776656672147E-4,5.755128749678271E-5,NGC-104,6.046367232890417,-72.10558304937643,13.755013878236944
0.113236,227,PSR J0024-7204E,Psr,00 24 11.125,-72 05 20.14,2CXO J002411.1-720520,PULSAR,0.9691306934636303,0.9508007278040745,5.950476208130555E-5,0.018329965659555848,0.011850850273084792,6.8619828719258315E-6,0.9691306934636303,1.479273023138705E-4,4.487111889376384E-4,2.5485367523988033E-5,NGC-104,6.046402648704031,-72.08895547393486,8.248296890823038
0.249264,228,CXOGlb J002411.3-720451,X,00 24 11.320,-72 04 50.98,2CXO J002411.3-720451,PULSAR,0.806530502044865,0.7046618026382285,1.2090215880099605E-4,0.09004400586027186,0.0010150380340484158,9.052580030578073E-5,0.806530502044865,0.10186869940663645,1.3956828411947563E-4,1.90758410952096E-4,NGC-104,6.047112813449246,-72.08089500616154,3.414634146341581
0.170042,229,CXOGlb J002411.5-720224,X,00 24 11.515,-72 02 24.35,2CXO J002411.5-720224,CV,0.9977494319693849,0.9960545311432618,3.604782365283473E-5,0.9977494319693849,0.0016949008261230977,4.031580788834632E-6,4.413402041531457E-4,3.8235478918475206E-5,3.3624046768288456E-5,2.388070210139895E-6,NGC-104,6.048073766737559,-72.04013437261251,12.15847445782552
0.200612,230,CXOGlb J002411.6-720503,X,00 24 11.649,-72 05 03.69,2CXO J002411.6-720503,PULSAR,0.734280440839915,0.5426985992905047,4.73768106100076E-4,0.19158184154941024,0.02026180406958582,3.011038413950473E-4,0.734280440839915,0.05139357232921567,0.0011062655533663043,6.012037110117515E-4,NGC-104,6.0485692488440455,-72.08441319638153,5.688774518424367
0.127385,231,CXOGlb J002411.7-720518,X,00 24 11.767,-72 05 18.10,2CXO J002411.7-720518,CV,0.4485342189072362,0.03152138090416945,0.05356300377513701,0.4485342189072362,0.41701283800306677,3.6584043438533487E-4,0.001557244426366792,0.07855797539974428,3.5132776656672147E-4,5.755128749678271E-5,NGC-104,6.0489165787699335,-72.08835382471861,3.894736842105352
0.140437,232,CXOGlb J002411.8-720514,XB*,00 24 11.813,-72 05 14.56,2CXO J002411.8-720514,CV,0.9601290831562547,0.921834770086163,1.053648535383379E-4,0.9601290831562547,2.4902528214207576E-4,6.826991396780151E-6,0.03829431307009171,0.0011571921407810958,1.8124473243333096E-5,4.00700325522631E-5,NGC-104,6.04922814822794,-72.08741672299206,2.15000000000003
0.880550,234,CXOGlb J002412.1-720507,EB*,00 24 12.017,-72 05 08.06,2CXO J002412.2-720507,PULSAR,0.9836394734521955,0.968758786980232,3.1185301136249933E-4,0.014880686471963465,2.6902075551119394E-4,1.5807190286636616E-5,0.9836394734521955,6.978878297640456E-4,1.2747447159437223E-4,5.7796817322352274E-5,NGC-104,6.050838254861901,-72.0855081500517,1.7741935483870404
0.166861,235,[GHE2001] W248,V*,00 24 12.024,-72 05 12.38,2CXO J002412.0-720512,PULSAR,0.7685666810384354,0.6149149597528494,0.0020336914981899054,0.03640810682580012,0.036239727072237195,5.55817514869225E-4,0.7685666810384354,0.15365172128558596,0.001893645595628667,6.506091692536354E-4,NGC-104,6.0501879469869095,-72.08680986017076,7.099809600276313
0.083716,236,CXOGlb J002412.1-720455,X,00 24 12.141,-72 04 55.02,2CXO J002412.1-720455,CV,0.6194536093767999,0.24171927661377562,3.2602054014902387E-4,0.6194536093767999,0.0013694643061653803,3.820029693702002E-5,0.3777343327630243,4.273690045248113E-4,4.968810594543842E-4,1.541226529451005E-4,NGC-104,6.050609910428648,-72.08197220875326,3.8421052631578143
0.303095,238,CXOGlb J002412.5-720521,BY*,00 24 12.521,-72 05 21.70,2CXO J002412.5-720521,PULSAR,0.9770352377580441,0.955513469604284,3.6222532062439453E-4,0.021521768153760164,2.330173809953924E-4,7.883554566644353E-6,0.9770352377580441,7.302132593815472E-4,7.664634636827918E-5,3.300822625933272E-5,NGC-104,6.052373993726177,-72.0894175459796,2.5365853658537927
0.125035,240,CXOGlb J002412.6-720440,X,00 24 12.635,-72 04 40.94,2CXO J002412.6-720441,PULSAR,0.9601392871516662,0.9220797897870019,4.0133540310758845E-5,0.03805949736466433,1.616804561414222E-4,1.8805294564591232E-5,0.9601392871516662,0.0014865589720796943,5.024991093344207E-5,4.3787309639708634E-5,NGC-104,6.052662629216059,-72.07807323421873,5.8630801734498785
0.335846,241,CXOGlb J002412.9-720445,X,00 24 12.906,-72 04 45.22,2CXO J002412.8-720445,PULSAR,0.9041792374927435,0.8210054458115628,0.0034882388604221258,0.08317379168118083,0.0025222461144461046,9.689943221452342E-5,0.9041792374927435,0.005908186553135428,3.92502979078357E-4,2.3889688677921231E-4,NGC-104,6.053648271270389,-72.07931252776002,2.1403508771929958
0.216438,242,CXOGlb J002413.4-720451,XB?,00 24 13.464,-72 04 51.13,2CXO J002413.4-720451,STAR,0.8105777816718931,0.7022822584381406,7.965923883015562E-4,0.07792038236249416,6.207980993078084E-4,4.559036202095836E-5,0.10829552323375245,0.8105777816718931,0.0016670842600214843,7.624762220859006E-5,NGC-104,6.056161562818772,-72.08092650430672,7.828008248014134
0.123777,243,CXOGlb J002413.4-720523,XB*,00 24 13.479,-72 05 23.30,2CXO J002413.4-720523,PULSAR,0.4950313269546571,0.15083621344542852,7.58934986989845E-4,0.3441951135092286,0.01718551200218871,3.8920429663380404E-4,0.4950313269546571,0.14036170282467994,0.001128147259770368,9.500581658515691E-4,NGC-104,6.056051141074307,-72.08980861795408,2.7058823529411544
0.147324,244,CXOGlb J002413.5-720447,BY*,00 24 13.559,-72 04 47.23,2CXO J002413.5-720447,PULSAR,0.8735617068185998,0.7652927388449423,5.219062840464313E-4,0.10826896797365744,9.895929993553034E-4,1.1302847531505728E-4,0.8735617068185998,0.015926819533214943,4.1376841557383767E-4,2.0420950023727002E-4,NGC-104,6.056477669916546,-72.0798266510175,3.571428571428584
0.166406,245,CXOGlb J002413.7-720334,V*,00 24 13.764,-72 03 34.45,2CXO J002413.7-720334,CV,0.4485342189072362,0.03152138090416945,0.05356300377513701,0.4485342189072362,0.41701283800306677,3.6584043438533487E-4,0.001557244426366792,0.07855797539974428,3.5132776656672147E-4,5.755128749678271E-5,NGC-104,6.057498901022768,-72.0595751889461,8.013046620641294
0.151390,246,CXOGlb J002413.7-720302,X,00 24 13.793,-72 03 02.17,2CXO J002413.8-720302,PULSAR,0.5754606122395108,0.22040960230255252,0.0011188642926645111,0.3550510099369583,0.06041901687984459,3.6455614353467507E-4,0.5754606122395108,0.006475971883683686,8.868942255359965E-4,2.2307439826736047E-4,NGC-104,6.057576036864248,-72.05062956003316,15.639970541900196
0.408913,247,PSR J0024-72D,Psr,00 24 13.818,-72 04 43.83,2CXO J002413.9-720443,PULSAR,0.9992818878966527,0.9988091669860859,1.26293703705283E-5,1.4189821694112598E-4,6.582258334016489E-5,3.114160126560792E-6,0.9992818878966527,4.727209105668814E-4,1.7634239325971473E-5,4.292622675965339E-6,NGC-104,6.057943338792256,-72.07884913885174,7.551850350361757
0.064321,248,[GHE2001] W242,BY*,00 24 14.033,-72 04 03.16,2CXO J002414.0-720403,PULSAR,0.9880389091555962,0.9767275318258685,3.82845406143083E-5,0.011311377329727727,3.138103934050728E-5,3.5031544951261973E-6,0.9880389091555962,5.336012999070803E-4,2.1466142718799006E-5,2.1477337600092336E-5,NGC-104,6.058494542553318,-72.0675607521522,2.84999999999998
0.451274,249,CXOGlb J002414.2-720308,X,00 24 14.209,-72 03 07.93,2CXO J002414.1-720308,PULSAR,0.6056663054703153,0.33267442345990944,0.006967001263578874,0.27299188201040586,0.0027474822160257315,2.77522506168686E-4,0.6056663054703153,0.10876781051019468,8.671011217692127E-4,0.0017148949015415463,NGC-104,6.058988296642043,-72.05230902577794,2.368421052631615
0.175312,250,CXOGlb J002414.5-720653,X,00 24 14.556,-72 06 53.51,2CXO J002414.5-720653,STAR,0.9894165506310906,0.9794988542017113,2.9570060789341778E-5,0.009917696429379246,6.512622629816587E-5,1.0182898818195861E-5,5.229247212494664E-4,0.9894165506310906,2.5246248416027134E-5,1.2702783959061403E-5,NGC-104,6.060578519310981,-72.11490735808985,2.7179487179487216
0.225671,251,[GHE2001] W239,BY*,00 24 15.053,-72 05 03.20,2CXO J002415.0-720503,PULSAR,0.5998127231740366,0.2589459660340345,3.3978960217900686E-4,0.34086675714000203,2.412542809026363E-4,2.6910486990264207E-5,0.5998127231740366,0.05843055370737206,1.5554578863173117E-4,1.2646581988562923E-4,NGC-104,6.062896080254119,-72.08419023211388,2.166666666666705
0.222639,253,CXOGlb J002415.2-720433,X,00 24 15.203,-72 04 33.26,2CXO J002415.2-720433,PULSAR,0.9897527624737259,0.9806365861308288,3.5838000040958474E-4,0.009116176342897051,2.0905813926993952E-4,7.982279024761217E-6,0.9897527624737259,4.774106384850422E-4,4.5385375714232295E-5,3.284475047339464E-5,NGC-104,6.063400395572843,-72.07596507646338,2.750000000000025
0.197462,254,Cl* NGC  104  AGBWF  3-3,EB*,00 24 15.261,-72 04 56.61,2CXO J002415.2-720456,CV,0.4485342189072362,0.03152138090416945,0.05356300377513701,0.4485342189072362,0.41701283800306677,3.6584043438533487E-4,0.001557244426366792,0.07855797539974428,3.5132776656672147E-4,5.755128749678271E-5,NGC-104,6.063708760175473,-72.08243187709022,6.093602249023392
0.180470,255,CXOGlb J002415.3-720450,BY*,00 24 15.319,-72 04 50.02,2CXO J002415.3-720449,CV,0.8551443775151016,0.7724935391988252,5.6222311837164074E-5,0.8551443775151016,1.096587871227053E-4,5.100707418673831E-6,0.061965225412843425,0.08265083831627645,3.4166390622123E-5,3.441055877777405E-5,NGC-104,6.063903362646898,-72.08051648006612,2.1666666666666767
0.747867,256,CXOGlb J002415.4-720646,X,00 24 15.39,-72 06 46.1,2CXO J002415.4-720646,STAR,0.9938191091783564,0.9890273208288233,2.09819677601277E-5,0.004791788349533135,0.0010643829781231393,2.929844536835469E-5,2.111032190374776E-4,0.9938191091783564,5.24151211010329E-5,1.09207407204759E-5,NGC-104,6.064260030304979,-72.11300911428063,5.225806451613068
0.213761,259,CXOGlb J002415.7-720307,X,00 24 15.722,-72 03 07.17,2CXO J002415.7-720307,PULSAR,0.9926127794453584,0.986453023328298,1.7227552178202836E-5,0.006159756117060447,2.120708650335713E-4,8.749110138005455E-6,0.9926127794453584,9.556808521823666E-4,2.1004381678272678E-5,1.2731676370697093E-5,NGC-104,6.065677979237591,-72.05201982449711,5.921458644651968
0.152796,260,Cl* NGC  104  AGBWF  2-48,CV*,00 24 15.880,-72 04 36.38,2CXO J002415.9-720436,CV,0.4485342189072362,0.03152138090416945,0.05356300377513701,0.4485342189072362,0.41701283800306677,3.6584043438533487E-4,0.001557244426366792,0.07855797539974428,3.5132776656672147E-4,5.755128749678271E-5,NGC-104,6.066288008464426,-72.07679239689979,21.98915239780561
0.149969,261,CXOGlb J002415.9-720451,XB*,00 24 16.023,-72 04 51.56,2CXO J002416.0-720451,CV,0.6712270093543876,0.502864896299346,0.0018764342344995324,0.6712270093543876,0.152921742621653,1.3899881784733373E-4,0.1683621130550415,0.0023529458919812527,0.002778605125540092,3.4215089904967585E-4,NGC-104,6.066674207862661,-72.08102047124584,7.885460435513594
0.190847,262,[GHE2001] W235,X,00 24 16.046,-72 04 12.60,2CXO J002416.0-720412,PULSAR,0.8886632268896136,0.8252446026269777,0.0024603214057970753,0.0634186242626359,0.0010675237959653992,6.547533591189916E-5,0.8886632268896136,0.04368760995801667,4.594781156574922E-4,1.777402364020479E-4,NGC-104,6.066706514479621,-72.07019168620543,2.1276595744680242
0.209516,264,PSR J0023-72Q,Psr,00 24 16.482,-72 04 25.15,2CXO J002416.5-720425,PULSAR,0.9921784451166082,0.9844488387418519,7.806653436274715E-6,0.007729606374756373,5.455057778313217E-5,7.812555364014298E-7,0.9921784451166082,2.0286962816125298E-5,6.1321537013834865E-6,2.390905362280889E-6,NGC-104,6.068847329192806,-72.07367672918777,6.44404561301637
0.282534,265,CXOGlb J002416.7-720447,BY*,00 24 16.727,-72 04 47.30,2CXO J002416.7-720447,PULSAR,0.989304949543514,0.9843825094092689,1.5316036740528898E-4,0.004922440134245122,4.615121635236776E-4,5.17656881438096E-5,0.989304949543514,0.00478840484099089,2.5394385218479746E-4,6.382340999256824E-5,NGC-104,6.069894695415372,-72.07975640906149,2.4210526315789918
0.115551,266,CXOGlb J002416.9-720427,CV*,00 24 16.969,-72 04 27.18,2CXO J002416.9-720427,CV,0.9797387314189757,0.9613248376094579,6.102372098863149E-4,0.9797387314189757,6.037933442480005E-4,2.88819270508166E-5,5.293001082864513E-4,6.764023093452759E-5,0.018413893809517808,7.521951100204922E-6,NGC-104,6.0707911533537535,-72.07423437130886,38.279321409602936
0.144359,269,CXOGlb J002417.2-720302,X,00 24 17.275,-72 03 02.74,2CXO J002417.2-720302,PULSAR,0.6752796421905467,0.3797403349151512,0.0011545692707228116,0.2955393072753955,0.014780756935869405,3.8428523443028334E-4,0.6752796421905467,0.010132649428391373,0.002026790813584442,7.019988510595217E-4,NGC-104,6.071884966365701,-72.05078877424772,4.999999999999816
0.179675,270,CXOGlb J002417.5-720357,X,00 24 17.532,-72 03 57.66,2CXO J002417.5-720357,PULSAR,0.9779656003905941,0.9598890919110049,7.650363202172084E-5,0.018076508479589228,3.9003175714218976E-4,3.1430067261509055E-5,0.9779656003905941,0.0032592958046185508,1.4764962733366992E-4,5.298024143919356E-5,NGC-104,6.073173881989932,-72.06604885161339,4.117647058823587
0.294987,271,[GHE2001] W231,X,00 24 18.068,-72 06 18.92,2CXO J002418.1-720619,PULSAR,0.9908698927700997,0.9856559184846333,3.4575731773508475E-5,0.003784190869722221,3.692158313664827E-5,3.135895173499953E-6,0.9908698927700997,0.005213974285466448,3.8054112096022655E-5,1.925475253183714E-5,NGC-104,6.075443904814165,-72.10532097725608,2.952380952380953
0.093921,272,CXOGlb J002418.4-720334,X,00 24 18.486,-72 03 34.84,2CXO J002418.4-720334,CV,0.4485342189072362,0.03152138090416945,0.05356300377513701,0.4485342189072362,0.41701283800306677,3.6584043438533487E-4,0.001557244426366792,0.07855797539974428,3.5132776656672147E-4,5.755128749678271E-5,NGC-104,6.077023089729438,-72.05970386035628,3.6666666666666936
0.335912,274,Cl* NGC  104  AGBWF  3-4,EB*,00 24 18.609,-72 04 55.10,2CXO J002418.6-720455,PULSAR,0.9707438995353479,0.9458916519149382,8.857005822455133E-5,0.024852247620409745,2.9154351578298393E-4,3.4046281881253825E-5,0.9707438995353479,0.0037283991919859617,1.9379556199707924E-4,6.749823437038945E-5,NGC-104,6.077545817640952,-72.08206549601995,3.5000000000000937
0.178657,275,[GHE2001] W227,PM*,00 24 18.69,-72 02 25.56,2CXO J002418.7-720225,STAR,0.9992842917866258,0.9987085071512576,9.896328093438097E-6,4.275024369967435E-5,5.757846353682346E-4,6.714363944788533E-6,6.87961474872228E-5,0.9992842917866258,8.05272906636496E-6,3.7137657144988675E-6,NGC-104,6.077990311986297,-72.04047484510382,3.6216216216219066
0.171793,276,CXOGlb J002418.8-720602,XB*,00 24 18.795,-72 06 02.74,2CXO J002418.8-720602,PULSAR,0.9754835119254986,0.9518572274182785,1.1208805021285117E-4,0.023626284507220135,3.9956676542767514E-4,8.572913152418513E-6,0.9754835119254986,2.657564200763358E-4,7.202218930193887E-5,3.2197229109959876E-5,NGC-104,6.078340796131215,-72.10080803225324,4.057142857142834
0.104610,277,CXOGlb J002419.3-720334,X,00 24 19.364,-72 03 34.78,2CXO J002419.3-720334,CV,0.4485342189072362,0.03152138090416945,0.05356300377513701,0.4485342189072362,0.41701283800306677,3.6584043438533487E-4,0.001557244426366792,0.07855797539974428,3.5132776656672147E-4,5.755128749678271E-5,NGC-104,6.080756556050631,-72.05967943269032,19.354457478451977
0.353271,278,CXOGlb J002419.3-720431,XB*,00 24 19.374,-72 04 31.26,2CXO J002419.4-720431,PULSAR,0.9969240142954018,0.9951188857533024,4.914170427404787E-5,9.63562206180172E-4,1.5968417558809503E-4,1.3846200193416771E-5,0.9969240142954018,0.001805128542099374,5.8970532181785835E-5,2.5652344081386326E-5,NGC-104,6.080870530742742,-72.0754373131646,4.499999999999841
0.088387,279,CXOGlb J002419.7-720349,X,00 24 19.701,-72 03 49.61,2CXO J002419.7-720349,PULSAR,0.9841130938348841,0.9746920477841735,1.9540979046144092E-4,0.006128438605409167,5.488984911359311E-5,6.008886406804404E-6,0.9841130938348841,0.009421046050710579,4.421773800354015E-5,3.6895245010950816E-5,NGC-104,6.082166630659457,-72.0637775639458,2.186046511627989
0.068088,282,CXOGlb J002420.9-720518,X,00 24 20.936,-72 05 18.93,2CXO J002420.9-720518,PULSAR,0.8909649394263851,0.7869067158644706,0.0012313039948757864,0.10405822356191452,9.143545745402127E-4,2.6360314809923828E-5,0.8909649394263851,0.0024320719232608632,2.605421186824109E-4,1.1220408553112907E-4,NGC-104,6.087209029521603,-72.08860904044886,2.177777777777869
0.473058,283,CXOGlb J002421.2-720503,BY*,00 24 21.272,-72 05 03.02,2CXO J002421.3-720502,PULSAR,0.7172085603103772,0.4423017605176271,0.0020700572797568133,0.27490679979275007,0.0010146970090084296,4.4285554365583393E-5,0.7172085603103772,0.004249854901952637,3.4427671282846837E-4,1.614684389609189E-4,NGC-104,6.089008323199379,-72.0841092886501,2.4888888888888188
0.053720,284,CXOGlb J002421.4-720433,X,00 24 21.437,-72 04 33.16,2CXO J002421.4-720433,PULSAR,0.9809042763847825,0.9696284215081824,2.05072725336925E-4,0.011275854876600103,7.802195826235813E-4,8.467227230009442E-5,0.9809042763847825,0.006352305976198954,3.083015467585201E-4,8.929663539909847E-5,NGC-104,6.089337532973616,-72.07586376854607,4.105263157894885
0.226712,285,CXOGlb J002421.7-720252,X,00 24 21.726,-72 02 52.55,2CXO J002421.6-720252,PULSAR,0.9732915831481509,0.954513454640818,1.812864050968421E-4,0.018778128507332875,5.0922645168461554E-5,5.574589751887586E-6,0.9732915831481509,0.007617254221589791,4.1021868685528186E-5,3.4228614223514476E-5,NGC-104,6.090321232906432,-72.04793518218641,1.8536585365853733
0.153398,286,CXOGlb J002422.5-720423,X,00 24 22.528,-72 04 23.77,2CXO J002422.5-720423,CV,0.4485342189072362,0.03152138090416945,0.05356300377513701,0.4485342189072362,0.41701283800306677,3.6584043438533487E-4,0.001557244426366792,0.07855797539974428,3.5132776656672147E-4,5.755128749678271E-5,NGC-104,6.093951233122652,-72.07330318047573,4.259259259259612
0.167942,287,CXOGlb J002422.7-720328,X,00 24 22.752,-72 03 28.86,2CXO J002422.7-720328,PULSAR,0.9931655654542059,0.9893801004872744,6.01781555901543E-5,0.003785464966931485,1.0188662394144108E-4,6.3509712256821325E-6,0.9931655654542059,0.0027742903236174735,8.81820006456737E-5,1.808150384224264E-5,NGC-104,6.094949392946943,-72.0580090297286,3.0526315789472536
0.142933,289,CXOGlb J002424.6-720500,BY*,00 24 24.638,-72 05 00.15,2CXO J002424.6-720500,PULSAR,0.7341549399602101,0.47936079355360145,0.0027961818798494177,0.25479414640660863,0.0013706274787044013,5.981982521308689E-5,0.7341549399602101,0.0058387106277212894,7.668260858762681E-4,2.1874773581684385E-4,NGC-104,6.1026854783567615,-72.08341381559957,3.1249999999999307
0.250364,290,Cl* NGC  104  AGBWF  3-5,EB*,00 24 25.127,-72 05 07.29,2CXO J002425.1-720507,CV,0.4485342189072362,0.03152138090416945,0.05356300377513701,0.4485342189072362,0.41701283800306677,3.6584043438533487E-4,0.001557244426366792,0.07855797539974428,3.5132776656672147E-4,5.755128749678271E-5,NGC-104,6.104920055072513,-72.08536725755184,3.459459459459686
0.146416,291,CXOGlb J002425.8-720703,X,00 24 25.83,-72 07 03.6,2CXO J002425.8-720703,CV,0.4485342189072362,0.03152138090416945,0.05356300377513701,0.4485342189072362,0.41701283800306677,3.6584043438533487E-4,0.001557244426366792,0.07855797539974428,3.5132776656672147E-4,5.755128749678271E-5,NGC-104,6.107757311980662,-72.11766853507785,14.319638196137486
0.272226,294,CXOGlb J002428.3-720601,X,00 24 28.369,-72 06 01.64,2CXO J002428.4-720601,STAR,0.5951724781659619,0.24350662003942602,0.011221246535889505,0.35166585812653584,0.0223693674178414,8.144597903972923E-4,0.016575548548605042,0.5951724781659619,0.0015146870931361167,6.663543216329762E-4,NGC-104,6.118449065206164,-72.10044830017671,2.9142857142856067
0.158966,295,CXOGlb J002428.9-720256,X,00 24 28.958,-72 02 56.68,2CXO J002428.9-720256,PULSAR,0.8133590834418943,0.6450912649876099,2.7987877278479254E-4,0.16826781845428437,0.017135568166587654,2.572987675907345E-5,0.8133590834418943,5.100929878811275E-4,3.075670054249703E-4,1.1426129438363847E-4,NGC-104,6.12073685668588,-72.04904084308897,6.409858616428107
0.268794,296,CXOGlb J002429.9-720643,X,00 24 29.915,-72 06 43.51,2CXO J002429.9-720643,PULSAR,0.9678264783216859,0.93811909970912,6.213345025517694E-5,0.029707378612565873,5.245443713197359E-5,5.0593923793225686E-6,0.9678264783216859,0.002243016767005616,7.24137751349934E-5,3.1065243841232065E-5,NGC-104,6.124865336924755,-72.11205403045817,3.1351351351349503
0.591497,297,CXOGlb J002430.6-720532,X,00 24 30.633,-72 05 32.39,2CXO J002430.5-720532,STAR,0.9489370166896117,0.9006466192770837,4.5548736225448354E-4,0.04829039741252802,7.812191058808174E-4,7.978377347896026E-5,8.279722226463827E-4,0.9489370166896117,2.567698659693651E-4,3.7135356763019935E-4,NGC-104,6.127189608658341,-72.09224094921346,2.044444444444467
0.215233,298,CXOGlb J002430.7-720446,EB*,00 24 30.740,-72 04 46.67,2CXO J002430.7-720446,PULSAR,0.745800880605274,0.4997154418104014,0.0024115206274925786,0.24608543879487263,0.0011820749076886972,5.162692818010558E-5,0.745800880605274,0.0037384311374559116,5.102742264688546E-4,2.1975277256739117E-4,NGC-104,6.127958373679576,-72.07967633900424,2.571428571428505
0.401542,299,CXOGlb J002431.3-720618,X,00 24 31.320,-72 06 18.20,2CXO J002431.3-720618,PULSAR,0.6882965241471866,0.37824451269906995,2.4647586462798104E-4,0.3100520114481166,6.756259281025485E-4,2.401717113525879E-5,0.6882965241471866,4.204819409028488E-4,2.0719005133187728E-4,7.767344859637722E-5,NGC-104,6.1305599713269885,-72.10516556222562,4.606060606060584
0.096187,300,CXOGlb J002431.7-720538,X,00 24 31.789,-72 05 38.15,2CXO J002431.8-720538,PULSAR,0.9642225642023675,0.9474335486305391,2.201689397768359E-4,0.016789015571828415,0.007987084987231574,6.161988756821855E-5,0.9642225642023675,0.010326583423018386,2.3138384643491426E-4,1.6157914177419104E-4,NGC-104,6.132521302481963,-72.09394752094083,3.0555555555555363
0.120935,302,CXOGlb J002432.5-720557,X,00 24 32.502,-72 05 57.78,2CXO J002432.5-720557,PULSAR,0.894009153127661,0.8378395728286104,0.0021187693538624822,0.04198150273316049,0.004848278006935527,2.0111403615769014E-4,0.894009153127661,0.05616958029905064,4.3587932888908916E-4,2.3572311428307624E-4,NGC-104,6.135496061902018,-72.0994088561423,2.411764705882297
0.458846,303,CXOGlb J002432.6-720622,X,00 24 32.653,-72 06 22.83,2CXO J002432.6-720622,PULSAR,0.9609253807987331,0.9328574515153586,6.593274762804934E-4,0.009837546031315165,2.0167163480555974E-4,1.6822528866236614E-5,0.9609253807987331,0.028067929283374506,2.0370374792897986E-4,8.761849869574898E-5,NGC-104,6.135947185811575,-72.10621852088268,2.3999999999998853
0.282208,306,[GHE2001] W132,X,00 24 34.989,-72 05 01.72,2CXO J002435.0-720501,CV,0.504214075679629,0.15541588387112865,0.06870115576606253,0.504214075679629,0.04662380415053782,5.351074484229794E-4,0.3487981918085003,0.018929060121938047,0.011455229240353061,7.43375784556318E-4,NGC-104,6.146027173121183,-72.08383774046052,7.395948364777621
0.128506,307,CXOGlb J002437.1-720517,X,00 24 37.150,-72 05 16.95,2CXO J002437.1-720516,PULSAR,0.9938926121077455,0.9897567664652631,3.7065551909081274E-5,0.0041358456424823295,1.4937386301594645E-4,1.6443572277042806E-5,0.9938926121077455,0.0017241684075918846,2.9666739544587706E-5,1.4824115433714014E-5,NGC-104,6.15488571982621,-72.08802075077033,3.0869565217390496
0.232472,308,CXOGlb J002438.7-720427,X,00 24 38.762,-72 04 27.66,2CXO J002438.8-720427,PULSAR,0.9775605800402613,0.9574698473814864,1.2866246070542827E-4,0.020090732658774833,3.53200670922651E-4,1.1444486385449109E-5,0.9775605800402613,0.0016865727915277345,1.0530823430519744E-4,6.34986571172436E-5,NGC-104,6.161717136535401,-72.07435631436563,1.7727272727271723
