name,fuv_mag,nuv_mag
2CXO J095724.3+023518,,20.829
2CXO J095743.3+024823,,21.505
2CXO J095755.0+024806,,20.077
2CXO J095756.7+024840,,22.557
2CXO J095806.9+014202,,22.265
2CXO J095821.4+013321,22.293000000000006,23.072
2CXO J095908.6+025424,20.947,19.622
2CXO J100136.5+025303,,21.245
2CXO J100228.9+013544,,22.356
2CXO J100327.7+015742,19.468,18.603
2CXO J122419.8+110722,,20.658
2CXO J122453.3+123917,21.499,20.313
2CXO J122454.7+123609,,21.557
2CXO J122546.7+095519,20.196,19.714
2CXO J122752.5+080526,20.924,20.048
2CXO J122805.3+100225,19.146,18.719
2CXO J122811.4+095126,20.338,20.093
2CXO J122829.5+170505,18.472,16.79
2CXO J122926.4+132019,19.012,19.157
2CXO J122926.6+122305,,20.758000000000006
2CXO J122934.1+134630,20.487,19.802
2CXO J123039.6+104347,,19.107
2CXO J123052.6+143304,19.488,19.249
2CXO J123055.5+164226,21.481,21.225
2CXO J123056.8+165441,21.314,20.515
2CXO J123127.4+135449,19.056,18.797
2CXO J123200.3+142442,16.132,13.672
2CXO J123227.9+141558,21.003,20.35
2CXO J123248.3+134945,19.372,18.673
2CXO J123310.0+161125,21.025,19.588
2CXO J123310.4+161053,,21.215
2CXO J123310.6+164905,21.466,19.972
2CXO J123559.6+072207,,20.169
2CXO J123619.3+163302,19.689,14.223
2CXO J123713.9+093303,,16.169
2CXO J123733.7+131905,19.224,18.962
2CXO J124137.2+123141,20.327,19.206
2CXO J124233.6+121224,19.961,19.293
2CXO J124246.0+122405,21.899,19.88
2CXO J124406.9+113523,20.45,19.717
2CXO J124416.5+124601,19.792,19.476
2CXO J124431.1+111404,20.718000000000004,19.151
2CXO J143040.5+364903,21.174,20.393
2CXO J143118.1+364704,22.462,21.171
2CXO J000201.9+004541,,20.684
2CXO J000230.7+004959,,19.913
2CXO J000249.5+004234,,20.909
2CXO J002305.0-010743,19.778,19.368
2CXO J002332.4-011445,18.354,17.785999999999994
2CXO J002342.3+002041,,20.44
2CXO J003304.4-434920,,22.379
2CXO J003315.3-433301,22.229,21.347
2CXO J003338.9-434412,,21.393
2CXO J003339.0-432554,,22.018
2CXO J003350.9-432740,,22.036
2CXO J003353.5-432127,,21.71
2CXO J003359.2-432640,,21.888
2CXO J003413.6-432600,,22.738000000000003
2CXO J003416.0-433337,,21.913
2CXO J003429.1-432412,,22.366
2CXO J003444.5-433749,21.791,20.982
2CXO J003614.2-431940,,22.944000000000006
2CXO J003624.2-431732,,22.7
2CXO J003626.5-430820,,21.551
2CXO J004111.8-210752,16.507,16.262999999999998
2CXO J004311.6-093816,19.296,18.748
2CXO J004314.0-092145,21.127,20.243
2CXO J004400.6-084917,20.358,20.24
2CXO J004418.8-090007,21.225,19.68
2CXO J004651.8-204328,19.563,19.15
2CXO J005355.1-000309,,21.346
2CXO J005428.8+000909,21.688,21.582
2CXO J005440.5-000343,,21.061
2CXO J005441.3+000111,19.534,18.8
2CXO J005622.5-272223,,21.907
2CXO J005743.8-261321,17.396,13.407
2CXO J005905.3-004701,,21.157
2CXO J005916.9-010120,,20.861
2CXO J005923.8-000120,20.965,19.959
2CXO J005926.8-004938,,21.727
2CXO J005939.4-005753,21.976,21.483
2CXO J010032.2-020046,20.815,19.896
2CXO J010035.5-003417,,21.198
2CXO J010113.3-002948,,21.392
2CXO J010250.0-222157,18.403,18.459
2CXO J010409.1+000845,20.522,19.662
2CXO J010514.4+000226,21.289,20.195
2CXO J010626.1+003916,20.045,19.915
2CXO J012657.2+330730,21.403,20.246
2CXO J014921.5-003219,20.61,19.672
2CXO J014948.2-005743,,22.467
2CXO J015042.7+004420,21.885,21.955
2CXO J015254.0+010434,21.167,20.504
2CXO J015309.1+005249,,19.97
2CXO J015313.2+005306,22.66,20.802
2CXO J015650.8-004532,21.551,20.688
2CXO J015652.4-001221,20.731,19.313
2CXO J015653.1-004621,20.814,20.216
2CXO J015827.2+003501,,20.021
2CXO J015910.3+003025,15.803,12.04
2CXO J015938.0+002640,21.689,19.275
2CXO J015957.6+003311,21.468000000000004,20.787
2CXO J020036.5+004549,21.884,21.819000000000006
2CXO J020056.7+004149,,22.374
2CXO J021808.5-051224,,21.828000000000007
2CXO J021820.4-050426,21.089,20.48
2CXO J022506.3-000335,,22.266
2CXO J022639.6+004330,22.397,21.879
2CXO J022655.2+002210,20.609,20.539
2CXO J022656.5+002347,21.477,20.156
2CXO J022659.9-044430,,22.147
2CXO J022735.8+003524,22.465,21.514
2CXO J022742.8+004002,,23.062
2CXO J022756.2+005733,20.882,20.405
2CXO J022929.8+003629,,22.893
2CXO J022936.9+003748,22.167,21.539
2CXO J023234.3-073105,18.942,18.073
2CXO J023524.0-070952,21.41,20.723000000000006
2CXO J023529.0-092512,18.728,20.274
2CXO J025756.5+130831,,22.12
2CXO J025808.8+132223,,22.698
2CXO J032849.0-271859,18.104,14.811
2CXO J033627.6-355547,21.133000000000006,19.722
2CXO J033653.9-361606,,19.212
2CXO J033701.6-350808,21.414,20.228
2CXO J033703.5-354113,,20.967
2CXO J033938.2-352352,21.643,21.057
2CXO J033942.9-352410,20.648000000000003,19.969
2CXO J034015.4-352849,20.425,20.259
2CXO J034031.1-350508,21.272,20.095
2CXO J034117.5-352615,17.862000000000005,13.258
2CXO J034142.4-351408,20.937,19.924
2CXO J044148.2-011806,17.355,16.305999999999994
2CXO J074958.4+555527,19.052,18.393
2CXO J080908.5+201454,21.586,20.619
2CXO J081257.8+522210,20.122,19.151
2CXO J081602.5+491016,,21.749
2CXO J081752.8+205224,,21.287
2CXO J081910.2+211739,21.211,20.274
2CXO J081913.6+204713,21.351,20.872
2CXO J081931.1+213338,20.215,19.871
2CXO J081943.5+205506,,11.664
2CXO J082033.8+212426,21.403,20.062
2CXO J082145.6+212840,,22.269
2CXO J082211.2+212229,,20.679
2CXO J082324.7+222303,,20.991
2CXO J082549.5+471027,17.771,17.689
2CXO J082719.9+211812,19.079,18.2
2CXO J082841.2+660225,21.973000000000006,20.138
2CXO J083139.1+524205,18.855,18.587
2CXO J083312.6+655041,20.3,19.985
2CXO J083642.7+532838,16.959,16.819000000000006
2CXO J083658.7+530950,19.13,18.828
2CXO J083745.0+651335,,18.894
2CXO J083953.0+562702,,19.61
2CXO J084012.2+563147,,20.952
2CXO J084316.2+511216,21.258000000000006,19.912
2CXO J084338.0+501220,,16.204
2CXO J084428.8+511432,20.39,19.343
2CXO J084536.2+524046,18.595,13.529000000000002
2CXO J084613.8+524023,,22.029
2CXO J084716.8+523733,,21.022
2CXO J085005.4+451832,,22.005
2CXO J085027.0+520203,,19.901
2CXO J085109.5+521944,,21.287
2CXO J085116.3+520816,,20.335
2CXO J085124.9+520402,,22.873
2CXO J085310.3+503243,21.291,18.738
2CXO J085404.4+502824,19.515,19.565
2CXO J085408.0+502941,,19.672
2CXO J085416.8+502631,,21.78
2CXO J085417.6+532735,,19.326
2CXO J085605.8+450520,20.217,18.987
2CXO J091631.3+515050,,20.407
2CXO J092202.3+505836,,14.777
2CXO J092307.3+305926,20.387,19.205
2CXO J092314.5+510018,,20.015
2CXO J092347.9+310754,21.066,18.977
2CXO J093155.6+370548,18.528,17.881
2CXO J093241.1+530633,19.479,18.744
2CXO J093359.3+551550,,21.172
2CXO J093401.9+551428,16.239,16.262999999999998
2CXO J093549.8+364555,19.433,18.714
2CXO J093759.4+542426,22.204,20.98
2CXO J093813.5+542824,17.883,17.985
2CXO J093827.0+541918,20.644,19.361
2CXO J094822.3+315358,,20.285
2CXO J094928.5+562052,,19.388
2CXO J095200.9+561331,,22.321
2CXO J095702.8+563136,18.877,18.22
2CXO J100129.6+545438,20.795,18.574
2CXO J100223.3+553430,17.438,13.140999999999998
2CXO J100309.4+554134,20.166,19.595
2CXO J101612.6-000745,20.886,20.18
2CXO J101627.3-000714,21.38,21.285
2CXO J101700.4+215450,17.125999999999998,12.501
2CXO J102003.9+474019,,19.971
2CXO J102411.1+471753,20.281,19.84
2CXO J102434.5+470909,,23.018
2CXO J102724.9+121919,,22.595
2CXO J102733.6+470828,18.71,18.541
2CXO J103135.9+573311,,22.875
2CXO J103140.8+574116,21.188,21.01
2CXO J103143.3+573157,,21.34
2CXO J103145.7+573401,22.088,21.954
2CXO J103202.9+573208,,21.701
2CXO J103215.8+574926,,21.517
2CXO J103236.1+580033,21.393,20.442
2CXO J103251.1+575832,,21.594
2CXO J103308.8+575719,,22.847
2CXO J103319.3+575809,,21.961
2CXO J103326.1+580120,21.817,20.516
2CXO J103352.7+581340,,22.376
2CXO J103406.1+572032,,22.308000000000003
2CXO J103406.7+580236,,22.491
2CXO J103728.3-352806,20.7,14.683
2CXO J103950.2+593510,,20.313
2CXO J104251.3+591159,,22.194000000000006
2CXO J104304.1+590633,22.299,21.441
2CXO J104308.1+590319,,22.258000000000006
2CXO J104321.8+591254,,21.729
2CXO J104335.7+585248,,22.534
2CXO J104343.1+585535,,21.317
2CXO J104343.8+590827,,22.432
2CXO J104404.0+590134,,22.018
2CXO J104405.6+590525,,22.669
2CXO J104407.9+584437,,22.833
2CXO J104415.5+584317,22.427,21.442
2CXO J104451.3+591946,22.407,21.895
2CXO J104503.3+591242,,22.791
2CXO J104511.1+591625,,22.032
2CXO J104604.0+584424,21.905,22.86
2CXO J104606.3+583906,18.069000000000006,18.171
2CXO J104613.1+590941,,21.481
2CXO J104622.0+585629,,21.935
2CXO J104624.9+584839,20.925,19.902
2CXO J104713.5+591501,,21.256
2CXO J104725.8+593209,,21.576
2CXO J104803.6+141242,16.980999999999998,12.371
2CXO J104811.7+591046,22.01,21.195
2CXO J104828.7+585200,,18.983
2CXO J104836.0+591206,,22.481
2CXO J104919.4+585850,,20.852
2CXO J105055.3+132835,,21.005
2CXO J105630.3-771138,20.043,18.181
2CXO J105816.7-771716,21.294,19.396
2CXO J105907.1-770139,20.348,17.857
2CXO J110014.5-771437,,16.925
2CXO J110224.8-773335,17.201,16.339000000000002
2CXO J110242.8+594122,,20.075
2CXO J110850.9-762513,,22.229
2CXO J110917.6-762757,,21.577
2CXO J111007.0-762937,19.831,18.513
2CXO J111040.2+405804,20.514,19.417
2CXO J111053.3-763432,19.393,17.677
2CXO J111134.8-763621,,20.621
2CXO J111139.9+405817,21.963,21.884
2CXO J111209.8-763436,20.656,21.027
2CXO J111227.7-764423,17.735,15.313
2CXO J111333.0-763538,,22.545
2CXO J111420.3+410116,19.86,18.557
2CXO J111450.7+570336,,20.497
2CXO J111509.5+570854,21.655,21.434
2CXO J111520.7+404326,18.681,18.414
2CXO J111607.6+412352,20.766,19.353
2CXO J111702.2+175455,,20.246
2CXO J111703.5+174122,20.94,19.977
2CXO J111813.7+402837,,21.793000000000006
2CXO J111847.8+402643,,21.391
2CXO J111848.6+402647,,18.899
2CXO J111849.7+402228,,20.137
2CXO J112019.6+130320,20.808000000000003,20.605
2CXO J112026.2+134024,,19.726
2CXO J112320.4+535631,,20.164
2CXO J112455.1+534323,,21.438
2CXO J112526.5+022039,19.792,19.622
2CXO J113210.4+572145,20.777,19.772
2CXO J113215.0+572124,,21.618
2CXO J114103.9-015504,20.251,18.705
2CXO J114111.6-014306,,20.039
2CXO J114119.2-014856,,20.646
2CXO J114129.5+560731,,19.857
2CXO J114455.1+495211,,22.207
2CXO J114931.7+223029,,17.735
2CXO J115118.8+485336,21.137,20.04
2CXO J115147.3+484101,15.622,15.155
2CXO J115238.7+441246,20.785,19.999
2CXO J115249.5+435111,21.88,21.926
2CXO J115307.4+440219,,20.274
2CXO J115404.9+234035,,21.321
2CXO J115628.3+233316,,19.903
2CXO J115651.1+233106,,20.04
2CXO J115729.3+490742,,19.276
2CXO J115906.3+434643,21.362,20.269
2CXO J115907.7+494257,21.609,16.51
2CXO J115932.8+494706,20.195,18.413
2CXO J120100.1+133128,21.662,20.934
2CXO J120130.3+011138,19.535,18.905
2CXO J120315.9+152448,,22.095
2CXO J120341.0+152202,,20.425
2CXO J120426.4+014434,21.014,20.26
2CXO J120426.6+015534,,20.95
2CXO J120436.6+015025,,20.311
2CXO J120450.7+442835,20.572,19.215
2CXO J120550.2+020131,,21.235
2CXO J120555.4-075433,,20.64
2CXO J120746.1+430736,18.96,17.741
2CXO J120825.3+141921,22.087,19.909
2CXO J120907.3+135630,19.83,19.281
2CXO J120913.6+433920,20.543000000000006,19.327
2CXO J120936.0+423203,17.553,16.447
2CXO J121050.9+503248,18.694000000000006,13.12
2CXO J121055.4+511255,,19.939
2CXO J121125.4+151851,,21.068
2CXO J121205.3+152003,21.453000000000007,21.108
2CXO J121359.2+293617,20.837,20.784
2CXO J121417.8+293143,18.4,18.322
2CXO J121727.9+115504,20.291,20.276
2CXO J121807.1+295611,21.383000000000006,20.957
2CXO J121845.6+293427,,19.979
2CXO J121930.9+104700,21.855,19.874
2CXO J121950.7+142301,18.412,13.289
2CXO J122020.7+125133,,21.33
2CXO J122044.3+172909,,19.898
2CXO J122142.7+112412,,21.312
2CXO J122202.4+145133,21.884,16.101
2CXO J122230.7+155548,20.459,19.805
2CXO J122232.4+074627,21.746,18.933
2CXO J122310.6+080841,21.938,21.653
2CXO J122321.5+081433,,20.911
2CXO J122442.3+332937,21.19,20.021
2CXO J122503.1+155242,21.144,20.419
2CXO J122506.4+483434,21.72,20.012
2CXO J122527.4+223512,20.636,18.497
2CXO J122624.6+483712,20.521,19.023
2CXO J122627.0+332145,,20.024
2CXO J122731.5+333258,,20.811
2CXO J122814.6+120010,,20.658
2CXO J122822.0+114606,20.334,19.821
2CXO J122824.2+114349,20.58,19.497
2CXO J122842.7+032640,20.821,20.247
2CXO J122849.4+033245,,19.904
2CXO J122915.7+473622,22.463,19.989
2CXO J122948.5+114333,,15.288
2CXO J122948.6+331955,21.202,20.173
2CXO J122957.9+112019,20.114,19.793
2CXO J123005.8+030204,21.353,20.635
2CXO J123019.5+474711,,19.216
2CXO J123025.9+030535,,19.888
2CXO J123027.3+030627,19.182,18.805
2CXO J123039.9+030856,,20.907
2CXO J123054.8+030536,21.722,20.838
2CXO J123105.2+013141,20.364,20.031
2CXO J123107.1+025724,19.834,18.634
2CXO J123125.7+475013,,22.59
2CXO J123128.5+013523,21.521,20.122
2CXO J123138.1+475052,20.036,18.993
2CXO J123153.0+474358,21.131,20.976
2CXO J123300.8+471927,,21.39
2CXO J123301.7+472455,,19.555
2CXO J123325.8+093123,16.704,16.406
2CXO J123335.0+475800,17.914,17.581
2CXO J123346.5+132222,,20.342
2CXO J123411.7+615832,,21.778
2CXO J123415.1+481308,15.975,15.800999999999998
2CXO J123416.1+025328,21.933000000000003,21.177
2CXO J123424.9+475456,,22.067
2CXO J123426.7+615431,,22.111
2CXO J123451.9+115720,19.733,18.933
2CXO J123512.5+615054,,21.672
2CXO J123627.9+102840,20.591,20.182
2CXO J123629.9+101733,21.134,19.993
2CXO J123955.1+474936,,21.676
2CXO J124000.1+095101,,21.303
2CXO J124006.7+474003,21.501,19.186
2CXO J124009.3+035130,22.533,21.01
2CXO J124219.4+041847,20.35,19.375
2CXO J124542.3-401637,19.155,13.945
2CXO J124551.0+032128,19.089,18.644
2CXO J125610.4+260103,,21.773000000000003
2CXO J125711.9+274216,19.956,19.022
2CXO J125742.5-013018,21.032,20.093
2CXO J125745.0+273210,,21.367
2CXO J125828.8+282714,,21.531
2CXO J125837.5-013033,,22.204
2CXO J125900.1-015619,,22.001
2CXO J125943.5+010255,20.538,19.743
2CXO J125948.8+342322,18.288,17.394000000000002
2CXO J130004.2+011025,22.285,20.617
2CXO J130128.7-005804,21.255,20.958
2CXO J130132.6+003802,,22.401
2CXO J130132.6+463402,21.517,21.5
2CXO J130134.6+000644,,22.653
2CXO J130136.2+000159,,19.687
2CXO J130158.0-014212,,18.46
2CXO J130200.1+274657,19.889,18.89
2CXO J130211.0+000004,,20.286
2CXO J130215.8+000053,22.086,20.376
2CXO J130230.2+000739,23.334,21.439
2CXO J131208.6-010709,,20.662
2CXO J131706.1+290917,,20.405
2CXO J131736.7+291116,,21.589
2CXO J131744.3+291339,21.91,17.69
2CXO J131800.2+325752,20.777,20.765
2CXO J131845.5+330613,,20.133
2CXO J131930.0+325045,21.245,21.887
2CXO J132117.5+340751,,21.308000000000003
2CXO J132131.6+512730,20.875,19.727
2CXO J132138.3+511743,19.174,18.909
2CXO J132438.7+291012,19.85,19.316
2CXO J132812.9-313307,,13.556
2CXO J132847.3-312943,19.633,14.195
2CXO J132951.9-020331,20.373,19.813
2CXO J132957.0-015705,,22.235
2CXO J132958.6-313240,21.125,16.878
2CXO J133031.4-002817,20.582,20.442
2CXO J133035.4-002814,,20.967
2CXO J133037.1-003320,,21.284
2CXO J133052.6-003039,22.479,22.115
2CXO J133100.4-013050,,21.94
2CXO J133102.5-015014,20.243,19.991
2CXO J133108.3+303033,18.91,17.684
2CXO J133140.9-015214,19.286,19.14
2CXO J133744.2+293511,,21.254
2CXO J133749.0+375356,21.589,20.35
2CXO J133833.0+292908,20.171,20.38
2CXO J134745.5+283842,,22.197
2CXO J134751.5+283629,18.849,17.573
2CXO J134804.3+284025,,20.396
2CXO J134826.5+284315,,22.23
2CXO J141225.3-003854,,21.405
2CXO J141234.6-003500,20.149,19.704
2CXO J141343.4-003339,,21.398000000000003
2CXO J141531.0+112712,,21.498
2CXO J141540.0+112406,,19.567
2CXO J142329.1+343746,20.572,19.774
2CXO J142359.2+375716,19.92,19.085
2CXO J142408.1+375126,20.739,19.435
2CXO J142412.3+375536,20.496,19.625
2CXO J142447.9+324935,19.517,19.673
2CXO J142504.7+344842,,20.151
2CXO J142653.3+344513,21.439,20.007
2CXO J142739.5+331215,19.971,19.87
2CXO J142744.3+333829,21.014,19.813
2CXO J142753.8+345244,20.678,19.582
2CXO J142826.3+324809,21.966,19.307
2CXO J142858.1+322850,21.917,20.972
2CXO J142859.0+322506,18.338,17.733
2CXO J142911.2+324823,19.938,19.078
2CXO J142914.4+354125,,20.316
2CXO J142935.9+322631,21.919,21.235
2CXO J142940.7+032126,18.228,18.266
2CXO J143111.5+334230,21.399,20.314
2CXO J143113.8+325312,20.63,19.801
2CXO J143118.3+325131,19.039,18.809
2CXO J143121.4+324913,21.132,21.058000000000003
2CXO J143142.0+354218,,20.681
2CXO J143146.0+030144,19.046,19.105
2CXO J143220.1+331511,20.108,19.17
2CXO J143303.8+023158,,19.67
2CXO J143353.0+354928,20.051,19.484
2CXO J143407.4+022704,22.402,20.832
2CXO J143411.2+334015,,21.481
2CXO J143421.3+340446,,21.037
2CXO J143528.0+350928,,22.485
2CXO J143543.7+342906,,21.531
2CXO J143642.1+353928,21.135,19.461
2CXO J143728.7+344547,20.176,19.215
2CXO J143756.4+351937,18.942,18.439
2CXO J143830.2+353915,18.964,18.944000000000006
2CXO J143853.3+354920,,20.337
2CXO J144024.8+033608,,19.667
2CXO J144105.5+045455,21.017,19.394
2CXO J144654.6+091801,,20.702
2CXO J144738.2+082546,20.497,19.186
2CXO J145355.8+033429,21.35,21.473000000000006
2CXO J145356.7+033307,,15.035
2CXO J145453.5+032456,,21.221
2CXO J145528.6+031300,20.478,20.398
2CXO J145721.9+025342,,20.262
2CXO J145837.8+022524,,20.54
2CXO J145843.1+025157,21.965,20.39
2CXO J150031.9+022047,,21.903
2CXO J150034.5+005035,,19.985
2CXO J150354.5+011619,,21.476
2CXO J150440.4+010734,20.646,20.216
2CXO J150521.9+014149,19.524,18.815
2CXO J150545.6+014148,,20.679
2CXO J150624.5+554707,21.982,15.672
2CXO J150721.0+554559,21.964,20.988000000000003
2CXO J150827.1+561239,20.494,20.437
2CXO J150838.3+003248,20.902,20.546
2CXO J150842.1+332802,19.172,18.056
2CXO J150940.7+571811,20.938,19.773
2CXO J151141.2+051809,,20.914
2CXO J151153.0+565601,,22.077
2CXO J151323.0+071043,,20.927
2CXO J152157.4+285918,,21.894
2CXO J152304.2+541704,,19.813
2CXO J152346.8+541720,20.392,19.739
2CXO J152503.9+542645,21.381,20.138
2CXO J153044.1+231013,19.353,18.713
2CXO J153115.2+230454,20.525,19.929
2CXO J153244.3+240624,,20.297
2CXO J160153.5+433048,21.239,20.119
2CXO J160319.9+422147,20.549,20.374
2CXO J160354.2+422217,20.812,20.35
2CXO J161007.1+535813,,21.597
2CXO J161245.6+511816,,19.636
2CXO J161330.8+510400,,22.001
2CXO J161637.2+344552,,19.49
2CXO J161716.4+345058,,20.946
2CXO J161809.7+350208,21.564,21.525
2CXO J162841.5+403538,19.749,19.055
2CXO J162933.6+253200,21.024,18.729
2CXO J163446.4+461947,20.3,19.83
2CXO J163522.6+461051,19.92,19.576
2CXO J164634.7+350317,21.148000000000003,19.73
2CXO J164912.2+345252,21.54,20.429
2CXO J165046.3+345138,21.411,19.99
2CXO J165103.1+350947,21.432,20.638
2CXO J165150.6+345817,,20.364
2CXO J165240.9+350604,,20.843000000000004
2CXO J165249.2+350058,,21.57
2CXO J171046.6+584244,20.108,14.515
2CXO J171150.0+584041,,21.881
2CXO J171207.4+584754,18.477,18.196
2CXO J171228.1+583905,20.231,14.479
2CXO J171427.7+600302,,22.09
2CXO J171441.1+601342,,20.758000000000006
2CXO J171450.4+601409,,19.836
2CXO J171500.1+595611,20.616,19.514
2CXO J171513.8+594638,20.746,20.628
2CXO J171531.3+600220,21.878,21.786
2CXO J171650.9+600220,,21.461
2CXO J171705.5+601203,,21.679
2CXO J171831.7+595309,,21.396
2CXO J175944.9+662912,21.865,19.947
2CXO J213805.2+133953,21.358,20.233
2CXO J221512.1-005151,,22.404
2CXO J221627.0+001401,,22.337
2CXO J221640.1+001619,21.531,20.056
2CXO J221649.5+001510,21.803,15.18
2CXO J221814.3+002048,,21.489
2CXO J222202.2+195231,20.118,19.75
2CXO J224749.5+134248,20.815,19.813
2CXO J225215.7+132141,,20.934
2CXO J231821.0+002936,20.232,19.941
2CXO J231844.3+003013,17.633,14.035
2CXO J232159.0+000738,21.092,20.525
2CXO J232525.3+001140,20.066,19.71
2CXO J232546.5+001749,21.561,20.724
2CXO J232634.6+002150,21.707,21.127
2CXO J232646.5+002617,,21.766
2CXO J232710.7+001703,21.794,20.938
2CXO J232734.7+002234,,19.758
2CXO J232742.6+000654,20.473,19.871
2CXO J232801.4+001705,19.851,19.706
2CXO J232817.6+001946,20.836,20.426
2CXO J232820.3+002238,21.037,18.972
2CXO J232845.0+000401,21.913,21.446
2CXO J232845.6+000501,,20.362
2CXO J232853.3+002742,,21.723000000000006
2CXO J232951.4+000942,21.354,20.832
2CXO J233149.4+000718,19.736,19.2
2CXO J233314.5+000358,,22.104
2CXO J233315.8-000452,20.885,20.341
2CXO J233328.9-000308,21.268,21.324
2CXO J233706.3+002132,21.778,21.083
2CXO J233736.3+000951,21.407,19.822
2CXO J233853.8+004811,21.017,20.079
2CXO J234405.5-541225,19.836,13.772
2CXO J235232.1-001501,,19.795
2CXO J235321.6-002840,21.21,18.86
2CXO J235709.6+004626,,21.456
2CXO J235832.4-003240,20.516,19.216
2CXO J235833.2+003453,20.147,19.702
2CXO J235914.0-002038,21.585,20.907
2CXO J235942.1-345953,22.347,16.430999999999994
2CXO J235958.2+005140,20.562,20.387
2CXO J000009.3+135618,,20.356
2CXO J000021.0-250812,,20.666
2CXO J000026.1-250651,22.196,22.299
2CXO J000026.2+134604,20.786,19.931
2CXO J000031.8-245458,,22.234
2CXO J000100.2-250500,,22.641
2CXO J000102.4-245848,21.776,21.755
2CXO J000111.1-100155,21.909,22.079
2CXO J000122.6-250017,20.499,19.404
2CXO J000338.9+160220,20.409,19.715
2CXO J000535.2+000022,,20.783
2CXO J000654.1-001533,,20.555
2CXO J000749.0+511220,19.225,13.556
2CXO J000818.2+512316,12.19,13.178
2CXO J000833.8+512412,13.606,13.416
2CXO J001056.8-283942,,21.564
2CXO J001128.9+501653,19.776,14.781
2CXO J001247.1+001238,,20.758000000000006
2CXO J001317.4-000635,,21.786
2CXO J001504.3-005439,19.793,18.713
2CXO J001544.3-391208,,20.886
2CXO J001710.9-271435,,20.876
2CXO J002010.8+213252,20.443,19.535
2CXO J002034.6-705526,,21.299
2CXO J002101.0+005248,17.561,17.499000000000002
2CXO J002109.3+005732,,22.412
2CXO J002301.4-275238,21.506,20.528
2CXO J002507.3+682539,16.611,13.093
2CXO J002614.3+184613,19.4,19.01
2CXO J002637.4+165953,21.342,20.364
2CXO J002716.1-014646,17.637999999999995,16.641
2CXO J002733.7-013452,,21.637
2CXO J002752.4+002615,20.542,19.874
2CXO J003039.5+262056,18.311,17.755
2CXO J003047.8+261648,,22.215
2CXO J003058.2-275629,,20.489
2CXO J003103.8-280238,,22.25
2CXO J003131.4+003420,21.546,20.28
2CXO J003151.5+003233,,22.84
2CXO J003202.9+003751,21.484,20.344
2CXO J003413.0-010027,18.789,18.042
2CXO J003413.6-212618,15.979,15.328
2CXO J003425.3-010859,,19.898
2CXO J003443.8-005414,20.706,19.73
2CXO J003451.1-010111,,21.721
2CXO J003937.3-352917,19.705,18.962
2CXO J003942.6-352800,21.335,18.624
2CXO J004043.4-440852,21.911,22.177
2CXO J004243.4+851414,19.376,13.895
2CXO J004341.4+005610,21.411,20.171
2CXO J004342.7+004841,21.984,20.525
2CXO J004351.5+005501,22.358,21.049
2CXO J004446.5+330254,,16.314
2CXO J004455.7+144638,,21.328000000000007
2CXO J004524.7+144246,21.83,21.17
2CXO J004526.2+143643,21.483,20.267
2CXO J004527.6+143816,,21.1
2CXO J004610.3+010643,21.468000000000004,20.894
2CXO J004613.5+010425,21.8,20.437
2CXO J004637.6-420937,16.22,13.446
2CXO J004647.4-252150,21.246,20.516
2CXO J004756.7+851456,,19.229
2CXO J004821.6-285207,21.527,20.758000000000006
2CXO J004828.6-284831,21.48,19.548
2CXO J004842.4-283433,20.983,19.998
2CXO J004944.3-002302,20.021,19.884
2CXO J004959.4-004043,,21.506
2CXO J005009.8-003900,,21.145
2CXO J005018.8-005438,21.058000000000003,21.023000000000003
2CXO J005055.6+293328,,21.277
2CXO J005245.4-262422,,22.421
2CXO J005259.4-262512,18.807,18.197
2CXO J005424.8+124215,21.114,20.039
2CXO J005644.6+021630,,21.354
2CXO J005701.1+145003,20.983,19.846
2CXO J005916.1+153816,20.609,20.114
2CXO J010112.0-094500,19.279,18.788
2CXO J010449.0-393245,,20.871
2CXO J010701.4-172745,20.83,19.887
2CXO J010715.9-083429,19.55,19.33
2CXO J010835.1+214818,20.873,20.671
2CXO J011227.5-011221,,20.288
2CXO J011341.8+005000,,22.48
2CXO J011342.9+004829,21.451,20.156
2CXO J011431.7+002624,,22.16
2CXO J011457.3+003329,21.318,20.933000000000003
2CXO J011517.7+001715,,21.667
2CXO J011522.1+001518,,22.963
2CXO J011537.7+002029,,20.383
2CXO J011651.5-103425,,20.521
2CXO J011924.7+141143,21.514,20.232
2CXO J011927.4-083133,22.092,19.771
2CXO J011956.0-201022,16.865,16.116
2CXO J012227.8-042126,20.473,19.714
2CXO J012250.2+004243,17.597,13.271
2CXO J012254.3+145103,20.535,19.112
2CXO J012308.8+003306,20.19,18.963
2CXO J012341.4+004435,22.678,21.476
2CXO J012349.3+034756,19.731,19.172
2CXO J012401.2-350307,,21.038
2CXO J012401.8+003458,,22.688
2CXO J012407.8+034345,,21.105
2CXO J012433.1+034334,19.557,19.033
2CXO J012434.1+034740,18.351,15.335
2CXO J012930.7-522857,20.727,14.323
2CXO J012937.1-522950,19.089,14.568
2CXO J012959.7+233820,,21.701
2CXO J013120.2+061959,16.302,13.895
2CXO J013128.2+003227,,21.773000000000003
2CXO J013253.3-095239,20.17,19.543
2CXO J013343.2+035735,18.569000000000006,18.677
2CXO J013419.3+000825,,20.831
2CXO J013847.5-103127,20.134,19.651
2CXO J013858.4-454629,21.16,14.933
2CXO J013928.8-103427,20.644,21.169
2CXO J014010.1+062826,,20.64
2CXO J014040.8-075848,20.353,20.208
2CXO J014156.0-004614,22.182,20.099
2CXO J014200.8-005329,,21.204
2CXO J014209.0-005050,19.566,19.571
2CXO J014210.9-005902,,20.811
2CXO J014220.8-005331,,20.908
2CXO J014309.3-005331,21.706,20.584
2CXO J014333.6-391659,19.091,17.945999999999994
2CXO J014424.2+170349,,17.962
2CXO J015234.7-135929,,21.719
2CXO J015243.8-135901,22.149,20.638
2CXO J015257.7-284837,21.512,20.623
2CXO J015259.3-285253,,22.438
2CXO J020052.2-092431,15.417,15.739
2CXO J020356.6-165659,19.501,18.718
2CXO J020856.9-100318,,22.657
2CXO J020929.4-074640,,19.906
2CXO J020930.4+001915,,21.398000000000003
2CXO J021040.4+000259,,22.217
2CXO J021114.2-001404,22.324,21.368
2CXO J021122.6-001005,,21.396
2CXO J021340.6+134756,20.357,19.965
2CXO J021520.0-130059,,20.095
2CXO J021920.7-025840,15.129,12.880999999999998
2CXO J022054.3-015650,,21.114
2CXO J022105.5+372046,21.571,22.597
2CXO J022231.6+150628,19.605,18.477
2CXO J022412.3+275011,21.815,21.733
2CXO J022849.5-090154,20.709,20.17
2CXO J023145.8+132254,21.375,21.051
2CXO J023150.9-364019,16.935,16.496
2CXO J023250.1-364624,17.271,17.53
2CXO J024040.2-080127,19.367,18.706
2CXO J024105.8-081153,,20.306
2CXO J024524.9-302334,21.337,20.592
2CXO J024547.5-300459,,21.09
2CXO J024602.5-300312,20.969,20.097
2CXO J024604.6-082100,,21.372
2CXO J024610.8-082320,,21.84
2CXO J024912.8-081525,19.44,19.093
2CXO J025127.7+341441,19.6,19.366
2CXO J025134.5+431515,,20.966
2CXO J025140.4-163902,17.857,16.866
2CXO J025642.5-331521,,21.69
2CXO J025647.8-331524,21.464,19.461
2CXO J025937.4+003737,17.46,17.067
2CXO J025938.1+004217,19.651,19.716
2CXO J025951.2+003744,20.566,19.927
2CXO J030041.3-002746,,21.025
2CXO J030044.3-003820,21.979,21.239
2CXO J030056.5-003044,,21.416
2CXO J030129.7+015738,,21.428
2CXO J030144.8-004405,20.264,20.258
2CXO J030313.0-001457,19.413,18.682
2CXO J030417.7+002827,18.029,17.576
2CXO J030439.9-122029,,18.607
2CXO J030441.6-272523,,20.288
2CXO J030722.9-494548,,22.634
2CXO J030939.4-000339,18.804,17.891
2CXO J030944.3-465208,18.807,13.821
2CXO J031056.9-305900,,20.853
2CXO J031117.7-305641,,22.234
2CXO J031427.4-011152,18.976,18.729
2CXO J031640.4-000955,20.884,20.292
2CXO J031712.2-075850,21.332,20.694000000000006
2CXO J031854.8-010308,,22.142
2CXO J031937.0-005820,21.771,21.547
2CXO J031950.4-005850,,21.741
2CXO J031956.0-010150,21.829,21.335
2CXO J032159.9-370508,20.517,19.81
2CXO J032208.0+473612,20.249,16.408
2CXO J032215.4-371655,20.019,20.495
2CXO J032515.5+003408,21.387,21.523000000000003
2CXO J032842.3+004704,,20.929
2CXO J032845.3+004758,,21.438
2CXO J032912.3+005626,20.727,20.014
2CXO J032939.9+005119,21.329,21.4
2CXO J033403.2-390035,,21.022
2CXO J033446.6-534430,18.975,13.339
2CXO J033514.4-150606,21.153,20.272
2CXO J034524.4-055747,,20.892
2CXO J035057.9-380536,17.755,17.278
2CXO J035110.9-115323,20.032,19.276
2CXO J035117.5-381237,,13.351
2CXO J035135.7-274435,20.79,20.184
2CXO J035435.5-202740,17.813,12.814
2CXO J035449.8-380954,19.654,18.623
2CXO J040148.9-054056,18.138,17.555999999999994
2CXO J040350.8+261052,,21.131
2CXO J040821.2-210743,19.344,14.235
2CXO J040916.9+304633,13.011,12.728
2CXO J041515.4+054621,20.17,15.189
2CXO J041535.9+052733,20.65,14.45
2CXO J041604.3-205627,21.163,19.839
2CXO J041739.4-480021,,16.512999999999998
2CXO J043139.1-052556,21.452,20.43
2CXO J044154.6-580118,,14.745
2CXO J044223.1+020208,,21.772
2CXO J044822.1-485511,20.562,14.688
2CXO J044835.5-202546,18.137,13.017
2CXO J045055.4-532742,,10.703
2CXO J045120.5-532419,20.977,15.785
2CXO J045140.9-000512,,16.695999999999998
2CXO J045305.9-532740,,22.925
2CXO J045407.0-025401,,21.781
2CXO J045419.6-030420,21.352,19.837
2CXO J045422.0-025125,21.41,20.979
2CXO J045846.2+295036,13.314,12.591
2CXO J051406.8-400248,14.695,11.323
2CXO J051746.2+162658,,20.428
2CXO J051819.7-485214,20.352,13.969
2CXO J052021.6-323712,20.085,13.421
2CXO J052414.8-242203,,13.046
2CXO J052541.6-471905,21.025,15.859000000000002
2CXO J052751.9-293425,17.342,12.723
2CXO J053259.6-751412,,11.845999999999998
2CXO J053337.5-622923,17.122,11.871
2CXO J054034.1-283108,,21.549
2CXO J054754.6-195806,,21.407
2CXO J060107.8-234021,,13.536
2CXO J060108.9-234046,15.134,15.101
2CXO J061607.5+710637,,21.889
2CXO J062423.7+820937,,22.188
2CXO J062603.0+820225,20.524,19.019
2CXO J062741.0+820406,,21.609
2CXO J063020.5+815937,,21.459
2CXO J064438.6-742507,18.474,13.799
2CXO J070625.1+390151,21.536,20.141
2CXO J070948.9-562219,15.768,13.17
2CXO J071046.0+473211,,18.359
2CXO J071100.0-563258,,19.54
2CXO J071619.2+372703,,22.166
2CXO J072132.0+274212,,20.721
2CXO J072506.1+750158,21.083,16.281
2CXO J072739.9+242010,,19.731
2CXO J072910.3+333634,,22.765
2CXO J073106.8+392644,,18.939
2CXO J073502.3+265911,19.811,18.428
2CXO J073725.8+385206,,12.529000000000002
2CXO J073733.0+392037,19.401,17.928
2CXO J073733.8+384206,,21.095
2CXO J073739.9+384413,,20.517
2CXO J074013.4+292645,19.911,18.792
2CXO J074248.6+742746,,21.313
2CXO J074312.5+742936,17.521,17.296
2CXO J074409.1+291451,19.573,18.944000000000006
2CXO J074542.6+393511,,20.871
2CXO J074720.4+385539,,20.179
2CXO J074820.6+444514,21.367,20.307
2CXO J075001.3+310634,,21.828000000000007
2CXO J075054.4+425024,21.382,21.213
2CXO J075054.6+425219,18.816,17.746
2CXO J075147.1-013646,21.579,16.89
2CXO J075214.3+273650,,21.813
2CXO J075230.4+272619,,21.769
2CXO J075535.8+405805,,21.87
2CXO J075545.5+405643,22.022,22.369
2CXO J075643.7+445123,19.199,18.695
2CXO J075825.8+374629,,20.988000000000003
2CXO J075841.8+323703,19.36,18.897
2CXO J075928.2+301028,19.392,18.04
2CXO J075939.4+140543,19.188,19.392
2CXO J075941.5+141200,,20.176
2CXO J075952.6+141359,19.213,18.309
2CXO J080120.7+133957,,21.386
2CXO J080133.5+141442,,21.411
2CXO J080137.0+134022,21.878,19.29
2CXO J080154.2+441233,22.282,21.126
2CXO J080203.0+435940,,21.35
2CXO J080323.0+481618,21.214,20.824
2CXO J080500.6+102958,21.259,14.482
2CXO J080525.1+242218,21.298,19.946
2CXO J080534.9+240950,21.324,20.547
2CXO J080612.0+194853,20.598000000000006,19.613
2CXO J080629.8+241955,18.746,18.334
2CXO J080642.3+195811,,20.153
2CXO J081011.7+345857,,21.564
2CXO J081013.0+345137,20.86,20.836
2CXO J081038.2+421820,20.9,20.444000000000006
2CXO J081303.8+254210,22.037,20.613000000000003
2CXO J081420.2+383410,19.553,18.682
2CXO J081525.9+363516,22.239,19.605
2CXO J081550.2+250641,20.307,20.024
2CXO J081855.9+312712,20.1,19.69
2CXO J081949.2+495410,19.804,19.778
2CXO J081951.4+364952,20.205,19.468
2CXO J082020.1+364004,21.218000000000004,20.604
2CXO J082053.5+074323,21.759,15.866
2CXO J082106.9+404836,,21.354
2CXO J082231.9+055706,20.025,19.362
2CXO J082255.8+060527,,21.741
2CXO J082443.3+295923,19.62,18.998
2CXO J082636.6+431104,21.198,21.005
2CXO J082655.7+430449,21.681,21.48
2CXO J082714.8+291211,21.719,21.313
2CXO J082902.4+270018,20.495,19.665
2CXO J083116.5+321329,,20.227
2CXO J083130.4+320535,20.967,20.957
2CXO J083205.2+182237,21.525,20.183
2CXO J083238.8+181114,20.082,19.214
2CXO J083706.4+304610,,20.549
2CXO J083710.0+694155,21.656,14.198
2CXO J083722.4+582501,,21.867
2CXO J083755.6+150149,19.455,13.983
2CXO J083756.4+145903,20.451,19.451
2CXO J083835.8+441351,20.447,20.719
2CXO J083846.2+441923,21.512,21.571
2CXO J084019.3+130112,20.512,19.789
2CXO J084035.4+412645,18.785,18.085
2CXO J084058.6+412520,19.289,18.108
2CXO J084102.8+131715,,21.512
2CXO J084143.9+130356,,16.926
2CXO J084621.1+013755,18.946,18.741
2CXO J084653.4+175246,12.672,13.52
2CXO J084702.6+013000,19.887,19.725
2CXO J084846.1+611234,,21.589
2CXO J084849.6+111729,19.217,18.574
2CXO J085001.7+540959,21.399,22.208
2CXO J085119.9+114700,,15.803
2CXO J085123.7+114949,,17.458
2CXO J085127.1+114656,,21.964
2CXO J085128.1+114927,20.582,16.54
2CXO J085131.2+114550,,17.226
2CXO J085136.0+114633,,18.167
2CXO J085137.8+115057,22.373,17.675
2CXO J085145.8+110917,19.107,19.571
2CXO J085150.2+114606,22.268,17.673
2CXO J085156.0+115126,17.387999999999998,13.896
2CXO J085301.9+281606,,20.944000000000006
2CXO J085317.8+281350,,19.115
2CXO J085441.7+305754,19.043,18.925
2CXO J085515.7+370922,,21.972
2CXO J085547.3+425020,21.596,19.88
2CXO J085554.4+370900,,21.272
2CXO J085723.9+090348,19.522,17.917
2CXO J085957.6+422418,21.18,20.447
2CXO J090021.8+203654,19.914,19.328
2CXO J090029.0+390145,20.242,19.317
2CXO J090053.2+422054,,21.564
2CXO J090103.9+421553,20.821,19.409
2CXO J090256.2+011706,,17.168
2CXO J090312.2+070832,21.891,21.051
2CXO J090321.8+010316,,21.089
2CXO J090331.9+011804,,21.824
2CXO J090345.7+012535,21.176,19.745
2CXO J090450.5-014524,,21.675
2CXO J090508.8+074150,,19.875
2CXO J090516.6+340921,,20.025
2CXO J090525.3+341500,,20.884
2CXO J090610.7+345920,19.876,19.597
2CXO J090657.0+025132,20.14,19.794
2CXO J090807.2+374545,20.9,19.729
2CXO J090843.2+285230,19.548,19.049
2CXO J090851.3+444611,18.381,18.392
2CXO J090948.8+330755,21.602,20.288
2CXO J091059.6+531608,21.166,20.061
2CXO J091159.6+593009,21.687,20.737
2CXO J091223.3+532706,21.011,20.907
2CXO J091227.9+531545,21.169,19.703
2CXO J091302.6+530322,,19.835
2CXO J091343.8+762835,,14.855
2CXO J091400.1+372445,19.197,18.988
2CXO J091432.7+561238,,17.241
2CXO J091446.3+084408,,22.955
2CXO J091457.4+085757,21.271,20.898000000000003
2CXO J091501.7+241812,21.892,20.85
2CXO J091715.0+114014,18.621,14.31
2CXO J091718.8+113359,20.766,20.31
2CXO J091736.1+113840,21.693,20.009
2CXO J091748.4+592656,20.521,19.411
2CXO J091819.5+063746,20.659,20.314
2CXO J091836.4+591535,20.438,19.461
2CXO J091848.6+211717,,21.677
2CXO J091949.1+005611,,22.247
2CXO J092013.1+640439,16.719,16.458
2CXO J092013.6+640606,,15.683
2CXO J092014.0+453156,21.744,21.166
2CXO J092020.6+640607,,15.892
2CXO J092056.5+500334,19.734,18.824
2CXO J092354.2+275352,17.899,13.796
2CXO J092405.3+141021,21.701,20.89
2CXO J092411.4+022323,20.88,20.423
2CXO J092456.4+020712,22.254,20.296
2CXO J092603.2+124402,16.71,16.354
2CXO J092627.4+023021,17.952,13.118
2CXO J092712.3+124459,20.195,18.634
2CXO J092712.6+294344,19.529,18.58
2CXO J092713.8+294335,20.038,19.53
2CXO J092923.1+374859,18.901,18.334
2CXO J093041.2+363152,20.086,19.911
2CXO J093105.8+363316,,21.075
2CXO J093209.7+363002,21.958,20.729
2CXO J093455.5+051409,22.465,21.257
2CXO J093502.5+051924,18.036,14.211
2CXO J093510.1+052122,21.492,20.704
2CXO J093514.7+033545,19.882,18.372
2CXO J093531.3+612902,21.635,20.631
2CXO J093532.9+612738,,21.234
2CXO J093535.4+483256,,21.75
2CXO J093543.6+232447,21.373,19.507
2CXO J093605.4+232604,21.292,20.338
2CXO J093701.7+232435,20.049,18.758
2CXO J093845.6+005926,21.313,20.884
2CXO J093856.9+412821,,18.226
2CXO J093952.7+355358,21.407,20.474
2CXO J094057.1+032401,19.401,19.109
2CXO J094124.0+394442,20.163,20.567
2CXO J094130.9+152219,,21.863000000000003
2CXO J094133.7+594811,18.178,17.077
2CXO J094149.6+412104,21.648000000000003,21.0
2CXO J094209.1+520714,18.329,17.865
2CXO J094214.5+595936,20.521,19.934
2CXO J094325.8+520126,19.701,19.514
2CXO J094336.9-081930,,21.163
2CXO J094345.3+042822,21.724,19.512
2CXO J094423.4+093827,20.776,19.749
2CXO J094424.1+092424,20.573,19.195
2CXO J094432.7+042656,20.065,20.353
2CXO J094434.9+043207,21.514,21.633000000000006
2CXO J094502.8+041809,20.636,19.61
2CXO J094548.1-084826,20.99,20.493
2CXO J094646.9+392719,,19.895
2CXO J094649.3+025636,,21.954
2CXO J094941.1+295519,18.701,17.441
2CXO J094951.0+580519,20.919,19.608
2CXO J095048.4+392651,16.197,16.180999999999994
2CXO J095059.6+580318,,20.895
2CXO J095113.7+731835,,20.385
2CXO J095115.1+263320,21.947,20.742
2CXO J095207.6+255257,20.397,19.827
2CXO J095241.3+254636,,21.164
2CXO J095438.7+403204,19.715,19.487
2CXO J095448.8-013108,20.809,20.297
2CXO J095504.5+170556,20.923,19.65
2CXO J095700.4+284041,19.956,18.729
2CXO J095713.7+361102,19.937,19.132
2CXO J095750.8+074544,,20.259
2CXO J095752.1+330916,19.677,18.794
2CXO J095820.5+073435,22.01,20.945
2CXO J095836.5+074556,21.162,20.412
2CXO J095845.3+470324,20.912,21.515
2CXO J095855.9+331614,19.932,18.611
2CXO J095929.8+633359,,20.076
2CXO J095948.5+344915,19.643,18.688
2CXO J095953.5-301557,20.224,14.121
2CXO J100149.5+284708,18.861,19.109
2CXO J100247.0+002103,19.886,19.242
2CXO J100248.8+325130,,20.388
2CXO J100358.2+000414,21.258000000000006,20.986
2CXO J100401.2+423123,18.718,18.164
2CXO J100403.7+001018,,15.311
2CXO J100420.1+051300,17.011,16.807000000000002
2CXO J100441.7+423234,21.929,20.388
2CXO J100443.4+480156,21.373,20.869
2CXO J100621.4+320749,,21.214
2CXO J100627.8+320219,,20.709
2CXO J100634.2+315900,21.824,21.691
2CXO J100647.4+053642,19.547,13.741
2CXO J100701.3+052313,19.949,19.001
2CXO J100711.8+053209,,19.707
2CXO J100714.2+321058,20.61,20.425
2CXO J101108.3+002908,21.439,21.764
2CXO J101205.8-011318,,20.888
2CXO J101215.6-030700,,20.004
2CXO J101230.1-010743,,21.983
2CXO J101246.5+061604,20.837,19.633
2CXO J101317.1-011057,18.81,19.005
2CXO J101616.7+391144,19.266,18.787
2CXO J101709.1+015420,21.008000000000006,20.823
2CXO J101720.6+385737,20.765,19.426
2CXO J101723.9-204658,,19.75
2CXO J101843.2+413515,19.921,19.051
2CXO J101950.6+632003,20.048,19.146
2CXO J101957.5+253429,20.619,20.068
2CXO J101957.7+452949,,21.344
2CXO J102124.9+130115,19.987,18.859
2CXO J102129.0+215610,21.205,20.269
2CXO J102134.2+215436,,20.927
2CXO J102147.8+131228,19.22,18.636
2CXO J102223.7+383424,,20.688
2CXO J102315.7+360435,21.183000000000003,19.873
2CXO J102326.0+361527,22.404,20.688
2CXO J102700.5+364016,22.867,21.563
2CXO J102712.6+283123,,21.328000000000007
2CXO J102741.3+003003,,15.915
2CXO J102750.9+002833,,20.691
2CXO J102753.8+003055,20.021,19.13
2CXO J102758.4+003103,20.751,20.461
2CXO J102924.3+262455,21.879,20.316
2CXO J103021.5+430908,,20.11
2CXO J103031.6+052455,,18.663
2CXO J103100.2+284152,22.026,20.495
2CXO J103110.7-013725,,22.104
2CXO J103149.5-014111,,20.893
2CXO J103436.3+233303,,20.319000000000006
2CXO J103451.4+233435,21.152,19.517
2CXO J103518.7+073406,,21.195
2CXO J103623.0+622849,18.638,18.276
2CXO J103638.3+622438,21.751,21.07
2CXO J103715.3+465014,,21.236
2CXO J103715.4+212815,20.127,19.867
2CXO J103808.7+472735,21.997,19.45
2CXO J103859.5+422742,,20.7
2CXO J103922.6+643417,,20.806
2CXO J103951.4+643004,21.371,21.342
2CXO J104022.8+444937,20.214,19.554
2CXO J104106.0+144417,,22.509
2CXO J104127.7+000305,21.184,20.739
2CXO J104127.7+000639,,23.433000000000003
2CXO J104133.4-000236,19.119,19.597
2CXO J104229.3+010153,,22.183000000000003
2CXO J104230.1+010223,19.554,19.733
2CXO J104230.6+010001,,19.303
2CXO J104231.4+050238,18.508,17.507
2CXO J104239.2+051645,,21.985
2CXO J104248.6+010721,21.145,20.531
2CXO J104314.8+010539,,21.7
2CXO J104332.9+010107,18.837,18.37
2CXO J104431.7+384146,,20.617
2CXO J104452.0+384007,21.628,20.495
2CXO J104459.6+365604,,20.143
2CXO J104522.3+384750,,19.366
2CXO J104542.0+525111,19.608,18.835
2CXO J104600.7+042527,20.929,19.57
2CXO J104618.6+555627,19.974,20.127
2CXO J104912.6+330502,,21.238000000000003
2CXO J105144.2+353930,,22.393
2CXO J105208.0+362223,,21.618
2CXO J105211.9+161004,17.996,13.241
2CXO J105233.8+454949,20.241,19.701
2CXO J105239.5+520416,15.87,13.009
2CXO J105305.1+520405,22.301,21.007
2CXO J105343.8+454042,19.186,18.785
2CXO J105348.5+515713,20.584,20.114
2CXO J105416.4+512326,,21.956
2CXO J105421.9+512254,16.46,16.817
2CXO J105440.5-484702,,13.248
2CXO J105455.6+173532,,21.531
2CXO J105646.4-033905,,22.673
2CXO J105655.6-034030,,22.08
2CXO J105744.7+012921,,20.966
2CXO J105807.4+012843,21.366,20.456
2CXO J105832.3+124832,20.288,19.57
2CXO J105851.4+410644,,20.604
2CXO J110049.6+103841,21.035,21.468000000000004
2CXO J110055.1+032735,,16.06
2CXO J110516.4+111801,21.837,21.01
2CXO J110524.8-001152,,21.855
2CXO J110556.1+031243,,21.237
2CXO J110600.6+195426,19.633,18.804
2CXO J110610.7+640009,19.306,18.638
2CXO J110653.3+035010,,20.511
2CXO J110731.6+645753,,20.479
2CXO J110905.2+090049,,21.827
2CXO J110921.7+085659,20.142,19.878
2CXO J110930.2+650231,19.643,18.714
2CXO J111023.0-372501,18.769,14.194
2CXO J111056.8+353907,21.028,20.911
2CXO J111108.0+354016,22.077,20.435
2CXO J111239.1+353928,18.417,17.76
2CXO J111330.7+092536,19.127,18.724
2CXO J111346.0+090945,21.014,18.854
2CXO J111355.2+092628,20.464,20.718000000000004
2CXO J111357.4+553859,19.692,19.53
2CXO J111504.4+550143,,19.072
2CXO J111725.5+075332,21.941,20.189
2CXO J111747.5+075359,20.879,20.421
2CXO J111750.8+075711,,21.291
2CXO J111853.5+074945,,21.359
2CXO J111955.8+064527,,22.013
2CXO J112104.9+432142,20.664,19.331
2CXO J112117.1-344645,19.792,17.745
2CXO J112148.7-131309,,22.212
2CXO J112322.6+084806,21.003,20.274
2CXO J112326.3+090117,20.865,14.937
2CXO J112401.1-365319,,22.083
2CXO J112432.6-001835,21.978,21.265
2CXO J112455.9+384633,21.421,20.749
2CXO J112506.6-000759,,20.366
2CXO J112748.5+243555,,22.046
2CXO J112751.1+243207,21.934,20.836
2CXO J112820.8-011441,,22.214
2CXO J112943.9-013752,,19.901
2CXO J112945.3-014009,,22.14
2CXO J112948.5-013110,,21.703000000000007
2CXO J112951.2-015037,,21.865
2CXO J112952.7-013128,19.632,18.956
2CXO J112956.5+364919,19.563,19.363
2CXO J113000.6+583248,21.842,20.962
2CXO J113008.7-144737,,22.128
2CXO J113110.7-020855,,21.441
2CXO J113140.5-015117,,20.166
2CXO J113200.9+591534,20.421,19.902
2CXO J113228.6+343352,21.232,21.562
2CXO J113234.7-195244,21.131,20.018
2CXO J113244.6+343551,20.442,19.72
2CXO J113550.8+395335,,21.19
2CXO J113621.2+015928,19.966,19.469
2CXO J113631.8+015801,19.966,18.843
2CXO J113633.0+020748,20.523000000000003,19.461
2CXO J113638.3+424552,19.181,19.335
2CXO J113645.8+070647,20.586,20.097
2CXO J113724.0+300337,,20.665
2CXO J113839.2+030525,22.036,20.451
2CXO J113859.2+031144,20.65,19.831
2CXO J114008.7+030711,19.341,19.093
2CXO J114018.1+175330,,21.818
2CXO J114050.2+175201,,22.79
2CXO J114254.2+265457,,20.452
2CXO J114308.9+345222,20.681,19.916
2CXO J114358.5+052444,,21.172
2CXO J114427.5+672203,19.929,19.67
2CXO J114438.9+441313,21.126,20.167
2CXO J114445.9+055054,20.293,19.299
2CXO J114455.2+442754,20.001,19.719
2CXO J114528.9+313347,,19.453
2CXO J114538.5+442021,,20.432
2CXO J114551.5+313349,,20.676
2CXO J114559.4+442350,,20.063
2CXO J114608.1-244732,,19.811
2CXO J114745.7+125404,20.168,17.67
2CXO J114851.6+124949,21.705,20.848000000000006
2CXO J114900.1+592224,,21.332
2CXO J114927.0+591418,,20.938
2CXO J115108.8+471509,,21.396
2CXO J115115.3+003827,,20.507
2CXO J115122.0-283605,,20.597
2CXO J115129.3+382552,19.102,17.762999999999995
2CXO J115145.8+003418,,21.139
2CXO J115314.3+032658,,21.827
2CXO J115351.1+113649,,19.563
2CXO J115440.1+184830,,22.169
2CXO J115711.8+082623,19.167,19.019
2CXO J115822.7+123518,20.543000000000006,19.489
2CXO J115856.9+123611,,19.516
2CXO J115946.7-010449,20.354,20.563
2CXO J120006.3+312630,,20.436
2CXO J120017.0-011417,20.487,19.968
2CXO J120041.3+290510,20.053,14.548
2CXO J120059.7+313859,19.052,18.559
2CXO J120155.5+580632,20.866,20.199
2CXO J120239.7+575249,,21.116
2CXO J120414.6-003009,21.007,20.341
2CXO J120422.1-012203,19.214,19.081
2CXO J120427.0+391631,,21.048
2CXO J120432.7+202437,,20.673
2CXO J120439.7-002347,21.334,20.417
2CXO J120501.6-003215,,19.96
2CXO J120829.5+001642,21.224,19.776
2CXO J120831.2+360351,19.571,19.43
2CXO J120837.6+000920,,20.908
2CXO J120841.9+355025,,19.395
2CXO J120850.8+300719,20.396,19.395
2CXO J120921.0-010716,21.688,21.322
2CXO J120938.7-005741,21.604,21.884
2CXO J120945.1-050113,20.673,19.364
2CXO J121016.6+391816,21.313,20.913
2CXO J121018.7+300450,20.765,19.692
2CXO J121049.5+392821,18.076,16.361
2CXO J121127.9+095526,,22.153
2CXO J121238.7+363231,,19.315
2CXO J121249.8+065945,20.481,19.998
2CXO J121303.0+070220,17.224,16.289
2CXO J121345.5+364412,18.711,13.114
2CXO J121451.8+092839,18.927,18.866
2CXO J121515.6+331013,20.625,19.71
2CXO J121516.1+602057,21.223000000000006,20.385
2CXO J121518.2+014750,20.965,20.136
2CXO J121532.7+204417,19.786,19.153
2CXO J121651.8+375438,18.879,18.215
2CXO J121740.1+374749,21.277,20.159
2CXO J121742.0+034630,20.191,19.098
2CXO J121836.0+054627,21.221,20.3
2CXO J121845.0+401025,18.672,13.545
2CXO J121856.7+401457,21.595,15.4
2CXO J121948.9+054530,19.568,19.081
2CXO J122222.6+041623,,20.148
2CXO J122354.2+372555,19.022,18.5
2CXO J122358.8+373025,,21.602
2CXO J122430.4+374226,19.162,13.66
2CXO J122430.7-184705,10.649,11.371
2CXO J122556.6+003535,,20.064
2CXO J122640.6+042708,20.021,19.12
2CXO J122644.7+043125,19.864,18.928
2CXO J122653.9+042919,22.396,21.331
2CXO J122711.6+630646,21.706,21.137
2CXO J122903.5+294646,20.71,19.287
2CXO J122908.9+401602,,20.112
2CXO J123005.8+400036,20.327,20.236
2CXO J123011.8+401442,,19.446
2CXO J123017.2+401512,21.2,21.129
2CXO J123253.0+364358,,18.931
2CXO J123307.1+320650,22.621,20.95
2CXO J123322.2+320229,17.211,12.752
2CXO J123324.8+320438,,20.362
2CXO J123404.7-022627,20.665,19.191
2CXO J123444.6-022807,21.451,20.434
2CXO J123521.6+255614,20.148,20.363
2CXO J123530.3+262058,19.346,18.941
2CXO J123631.3+263508,22.185,21.398000000000003
2CXO J123633.2+192618,,22.05
2CXO J123741.2+264227,17.840999999999994,17.427
2CXO J123849.9+530639,,22.136
2CXO J123906.2-161047,18.029,17.414
2CXO J123907.9-453344,15.508,13.445
2CXO J123915.4+531414,,20.844
2CXO J124035.8-002919,20.333,20.07
2CXO J124119.2+172639,19.854,19.822
2CXO J124139.0+074348,20.247,20.287
2CXO J124310.3+155348,,20.694000000000006
2CXO J124321.8-024254,,16.557000000000002
2CXO J124345.0+744235,19.815,18.821
2CXO J124502.8-003239,,21.213
2CXO J124538.6-001232,20.776,20.334
2CXO J124557.8+223205,,20.756
2CXO J124602.5+011318,22.629,21.986
2CXO J124643.7+223549,21.965,21.295
2CXO J124823.9-195918,,22.098000000000006
2CXO J124828.4+083112,19.424,19.289
2CXO J124903.4-061046,19.729,19.1
2CXO J124913.8+151510,,21.518
2CXO J124914.6-060909,21.56,20.348
2CXO J124932.6+150751,21.049,20.667
2CXO J124938.4+050924,21.454,18.564
2CXO J124955.4+051627,20.301,20.088
2CXO J124958.1+021124,,21.931
2CXO J124958.9+302849,,21.491
2CXO J125000.6+021401,,20.375
2CXO J125011.6+022720,,20.472
2CXO J125025.6+253129,16.011,15.613
2CXO J125045.7+051050,,20.758000000000006
2CXO J125128.6+253015,,21.513
2CXO J125131.8-262706,,17.687
2CXO J125138.3+253030,20.616,15.784
2CXO J125329.1+021006,18.191,16.676
2CXO J125421.1-000549,21.117,20.113
2CXO J125507.3+085239,20.327,19.914
2CXO J125521.2+001719,21.521,21.567
2CXO J125541.4+355655,18.658,13.435
2CXO J125543.1+084145,20.737,19.088
2CXO J125640.5-465534,,19.952
2CXO J125659.9+042734,19.419,16.709
2CXO J125704.2-302229,19.189,18.837
2CXO J125844.3+120224,19.074,17.89
2CXO J125848.5+120530,,20.843000000000004
2CXO J125900.3+345043,13.939,13.991
2CXO J125904.0+344702,20.281,19.236
2CXO J130005.3+163214,21.952,20.379
2CXO J130205.2+155134,,21.529
2CXO J130307.8+191942,21.12,19.838
2CXO J130327.5-242515,19.149,13.848
2CXO J130412.4+192347,18.261,13.236
2CXO J130416.7+192804,21.001,20.685
2CXO J130423.0+020952,,19.986
2CXO J130436.2+533646,19.892,19.608
2CXO J130456.9+395529,18.157,17.629
2CXO J130619.6+262437,,20.885
2CXO J130650.2-460956,20.709,18.521
2CXO J130705.5+262631,,19.22
2CXO J130803.8+505226,,20.448
2CXO J130905.6+113802,19.67,17.746
2CXO J130955.3+573404,21.44,14.564
2CXO J131014.7+301756,,21.348000000000006
2CXO J131028.1+482204,,21.158
2CXO J131042.2+481331,22.253,17.053
2CXO J131053.4+300429,,20.857
2CXO J131054.7+012415,20.763,20.229
2CXO J131055.0+300411,21.84,21.827
2CXO J131057.7+011553,,19.457
2CXO J131058.1+010822,,20.62
2CXO J131059.0+300106,,19.026
2CXO J131108.4+003151,18.986,18.614
2CXO J131127.4+011353,,21.965
2CXO J131130.8+011104,21.987,21.667
2CXO J131157.0+220039,21.265,21.314
2CXO J131212.9+215644,21.427,19.819000000000006
2CXO J131213.5+231958,,19.063
2CXO J131310.1+051942,20.258,20.065
2CXO J131420.1+131958,,21.01
2CXO J131458.4+560342,,20.365
2CXO J131651.2+055647,20.161,20.086
2CXO J131704.3-173912,19.941,20.357
2CXO J131726.0+320300,,19.612
2CXO J131747.5+411745,19.874,18.927
2CXO J131804.3+411734,18.392,17.875
2CXO J131926.5+105611,19.96,19.038
2CXO J132118.8+110650,,21.865
2CXO J132146.9+003418,,22.68
2CXO J132317.4-002434,,21.66
2CXO J132323.7-002155,,20.016
2CXO J132344.3-451152,19.607,14.203
2CXO J132403.6-451414,21.171,14.723
2CXO J132621.0+021005,,19.672
2CXO J132956.0+114239,21.576,19.505
2CXO J133124.4+110051,20.961,19.358
2CXO J133134.3+623800,21.635,19.467
2CXO J133143.3+111132,20.928,17.41
2CXO J133202.1+624922,,21.291
2CXO J133206.9+624202,,17.849
2CXO J133212.2+060401,21.33,20.26
2CXO J133215.8+623626,20.759,19.952
2CXO J133226.3+060628,,22.118
2CXO J133238.7+020042,20.893,19.772
2CXO J133245.6+020547,19.516,13.934
2CXO J133439.6-232647,18.898,18.348
2CXO J133526.7+405956,,20.62
2CXO J133712.8-024752,18.888,18.249
2CXO J133715.4-024706,,23.007
2CXO J133736.7-025709,19.236,18.925
2CXO J133851.1+222211,,20.302
2CXO J134035.3+554932,19.245,19.091
2CXO J134039.0+004956,,22.348000000000006
2CXO J134047.9+401118,22.132,19.436
2CXO J134105.1+395945,19.951,19.53
2CXO J134105.7+674019,18.939,18.154
2CXO J134115.3+281603,,21.229
2CXO J134117.3+601621,20.469,18.693
2CXO J134213.2+602142,19.538,18.769
2CXO J134254.3+282806,19.481,18.635
2CXO J134313.3-000502,21.755,21.476
2CXO J134322.0+000009,,21.028
2CXO J134331.5+001104,21.082,20.289
2CXO J134332.6-000203,,20.905
2CXO J134349.5-003424,,21.182
2CXO J134351.0+000434,18.548,18.731
2CXO J134353.5-000521,,20.882
2CXO J134355.7-000601,21.951,20.926
2CXO J134359.1-003539,,22.216
2CXO J134359.8+000045,,21.152
2CXO J134412.8-003005,21.716,20.871
2CXO J134414.0-002950,21.852,20.251
2CXO J134420.0-003110,,21.241
2CXO J134424.4-001306,21.664,20.895
2CXO J134424.5-000617,,22.418000000000006
2CXO J134438.3-000050,,21.81
2CXO J134440.2+555648,21.073,20.228
2CXO J134452.9+000520,18.304,18.403
2CXO J134455.8-000118,21.792,21.771
2CXO J134459.3-271403,19.2,13.27
2CXO J134507.2+000407,,21.646
2CXO J134831.7-302122,21.393,19.839
2CXO J135022.3+240612,,21.177
2CXO J135024.6+240251,20.856,20.443
2CXO J135025.6+350141,20.402,20.471
2CXO J135026.2+241155,20.793000000000006,19.851
2CXO J135353.1-021557,,20.479
2CXO J135415.7+161051,,19.774
2CXO J135422.1+162342,20.471,19.53
2CXO J135430.7+162709,19.896,19.504
2CXO J135454.7+414412,20.783,19.418
2CXO J135531.3+401550,20.589,19.636
2CXO J135605.7+180502,20.819000000000006,20.894
2CXO J135607.3+413615,18.182,17.25
2CXO J135609.4+413717,21.615,20.913
2CXO J135626.1+772721,19.323,14.207
2CXO J135646.0+102608,18.764,18.394
2CXO J135714.6+052331,19.887,19.197
2CXO J135932.2+623546,21.47,20.452
2CXO J140016.6-010822,19.388,19.421
2CXO J140034.7+004733,20.01,19.117
2CXO J140040.5-015518,18.704,18.271
2CXO J140052.5-014511,20.474,19.62
2CXO J140251.2+263117,18.607,18.006
2CXO J140326.0-060150,16.229,15.274
2CXO J140345.0+292143,19.601,18.466
2CXO J140528.4+222334,18.914,18.49
2CXO J140706.3-000833,,21.768
2CXO J140708.9+341231,,21.052
2CXO J140731.5-001504,,20.592
2CXO J140829.2+562823,20.507,19.528
2CXO J140931.7+413807,,21.0
2CXO J140935.3+084912,,20.988000000000003
2CXO J140953.0+425939,20.061,19.252
2CXO J141028.1+135950,,20.078
2CXO J141042.2+425328,,21.253
2CXO J141043.8+140801,20.361,19.614
2CXO J141105.4+294211,20.901,20.458
2CXO J141112.0+134925,18.61,18.438
2CXO J141118.3+481257,20.35,19.563
2CXO J141141.9+140233,,19.913
2CXO J141334.3+421201,,21.811
2CXO J141349.1+422104,,20.495
2CXO J141407.5-022335,,20.771
2CXO J141434.5+293428,19.45,19.294
2CXO J141730.4+264456,,21.459
2CXO J141823.6+244800,21.5,20.011
2CXO J141835.2+564416,21.358,20.09
2CXO J141855.4+244108,21.262,19.715
2CXO J141925.5+074953,19.524,19.284
2CXO J141927.0+075749,20.055,19.465
2CXO J141947.0+005904,19.583,18.526
2CXO J141949.3+060654,18.643,18.33
2CXO J141951.7+244110,21.655,19.535
2CXO J141956.6+060626,,20.883000000000006
2CXO J141956.6+060749,20.56,20.883000000000006
2CXO J142020.9+010143,,22.092
2CXO J142148.6+462521,19.789,19.364
2CXO J142214.5-002915,,19.925
2CXO J142220.1+294255,17.334,16.847
2CXO J142231.3+441455,,20.775
2CXO J142310.5-003243,20.619,20.087
2CXO J142312.7+452858,19.61,18.549
2CXO J142339.8+043635,,22.305
2CXO J142339.9+042042,,20.372
2CXO J142342.0+454111,,20.957
2CXO J142351.8+421334,,21.086
2CXO J142414.1+421400,,20.319000000000006
2CXO J142435.9+421030,,22.253
2CXO J142452.0+263715,19.266,19.004
2CXO J142844.5+154306,,20.06
2CXO J142845.4+003915,20.351,19.903
2CXO J142903.8+155713,,20.258
2CXO J142904.6+294342,,19.174
2CXO J142921.9+155446,19.403,13.554
2CXO J142958.5+000319,15.704,15.323
2CXO J143019.8-000445,,21.366
2CXO J143215.0-011022,,21.049
2CXO J143228.3-005827,,21.063
2CXO J143229.2-010616,,20.843000000000004
2CXO J143310.5+525830,,22.293000000000006
2CXO J143352.2+052729,17.274,17.198
2CXO J143357.1+052950,21.112,19.755
2CXO J143536.1-012212,20.865,20.442
2CXO J143543.5-012459,,21.084
2CXO J143738.4-150021,19.334,18.684
2CXO J143759.9-003220,,20.755
2CXO J144156.4+010421,21.357,20.16
2CXO J144214.4+520346,,19.891
2CXO J144214.4+520825,21.764,21.589
2CXO J144240.6+091814,19.111,13.953
2CXO J144250.1+092001,,21.462
2CXO J144300.6+520137,,22.239
2CXO J144344.7+423327,20.294,19.537
2CXO J144351.9+310546,,19.63
2CXO J144429.4+311321,,19.201
2CXO J144500.0-003255,20.756,19.921
2CXO J144507.2+593650,21.686,20.971
2CXO J144544.4-001713,,19.898
2CXO J144707.4+520340,22.351,22.512
2CXO J144709.5+114715,19.363,18.729
2CXO J144741.7-020338,21.578000000000007,19.068
2CXO J144802.0+473738,21.173,21.479
2CXO J144824.6+183101,20.447,19.599
2CXO J144838.0+042811,22.464,20.352
2CXO J144842.4+042403,20.655,19.343
2CXO J144852.1+473509,,21.202
2CXO J144856.7+001510,20.517,19.298
2CXO J144913.4+002407,20.48,20.092
2CXO J144920.7+422101,20.136,19.64
2CXO J144921.3+041650,19.859,19.408
2CXO J144922.8+003249,21.295,21.853
2CXO J144927.6+632931,21.591,20.656
2CXO J144932.7+002236,20.146,19.639
2CXO J144934.7+632722,20.867,20.593000000000004
2CXO J144936.7+043025,,20.737
2CXO J144941.3+003110,,22.157
2CXO J144948.4+581046,,19.932
2CXO J145049.9+000143,21.078000000000007,20.594
2CXO J145053.2+352508,,20.141
2CXO J145116.0-000628,21.851,22.111
2CXO J145125.9+580840,20.45,19.475
2CXO J145149.1+430125,,22.155
2CXO J145210.5+292409,19.81,19.093
2CXO J145210.6+340251,20.083,19.36
2CXO J145211.0+581323,,21.853
2CXO J145249.3+425315,22.195,20.818
2CXO J145255.4+134945,19.541,18.277
2CXO J145305.1+511541,20.495,15.268
2CXO J145319.1+430543,20.638,19.221
2CXO J145345.3+511110,20.667,21.425
2CXO J145442.1+182936,20.351,19.517
2CXO J145503.9+515539,,21.915
2CXO J145900.8+331921,18.904,18.452
2CXO J150017.5+121036,19.018,17.442999999999998
2CXO J150140.9+421834,20.182,19.422
2CXO J150228.7+285815,19.73,19.223
2CXO J150229.8+574720,19.936,19.897
2CXO J150243.0+111557,20.103,19.812
2CXO J150247.1+113114,19.994,19.908
2CXO J150313.6+575151,19.088,18.108
2CXO J150424.9+102939,20.634,20.522
2CXO J150454.6+042402,19.569000000000006,14.462
2CXO J150457.1+260058,,21.243
2CXO J150620.8+293957,20.45,19.625
2CXO J150628.5+540401,19.705,19.088
2CXO J150706.3-122515,,20.596
2CXO J150707.4+614119,22.281,20.908
2CXO J150722.3+523039,18.54,18.563
2CXO J150722.3+540937,,20.515
2CXO J151015.9+112211,21.259,20.874
2CXO J151501.9+365613,,20.563
2CXO J151503.2+364948,18.522,13.004
2CXO J151820.4+423455,20.598000000000006,19.791
2CXO J152005.4+201605,,22.571
2CXO J152050.5+074547,20.604,19.517
2CXO J152135.1+074835,,21.737
2CXO J152151.4+074825,,21.744
2CXO J152204.7+534716,20.073,19.4
2CXO J152307.3+535358,,20.322
2CXO J152325.2+534218,,20.425
2CXO J152424.5+095829,17.898,16.667
2CXO J152553.9+513649,,20.423
2CXO J152741.4+203753,21.598000000000006,20.406
2CXO J152806.5+204020,19.393,19.18
2CXO J152919.8+592911,,19.808
2CXO J152922.2+592854,20.354,19.527
2CXO J153150.2+473439,,19.491
2CXO J153425.5+040806,20.78,21.176
2CXO J153924.6+032453,20.043,19.06
2CXO J153939.2+214726,21.194000000000006,20.109
2CXO J153947.6+431341,20.15,19.659
2CXO J154010.2+290454,,20.758000000000006
2CXO J154037.2-031206,,16.739
2CXO J154257.4+030653,21.646,20.096
2CXO J154316.4+540525,19.05,18.875
2CXO J154321.3+662154,,21.1
2CXO J154321.6+384821,,20.839
2CXO J154341.6+385319,19.619,19.149
2CXO J154359.4+535903,19.98,19.237
2CXO J154509.5+361558,,20.842
2CXO J154555.5+484928,,22.851
2CXO J154704.5+555929,20.188,19.475
2CXO J154749.6+205056,22.035,21.079
2CXO J154750.7+210351,20.67,20.159
2CXO J154756.9-380204,16.612000000000002,14.563
2CXO J154926.3+212359,,20.229
2CXO J154950.6+305109,20.188,20.391
2CXO J155222.4+315158,,21.435
2CXO J155251.2+314948,,17.986
2CXO J155252.4+320150,21.453000000000007,20.649
2CXO J155309.3+315422,19.984,19.113
2CXO J155324.8+315210,19.569000000000006,19.205
2CXO J155507.0+243817,18.563,17.804000000000006
2CXO J155551.6+351404,,20.896
2CXO J155604.9+243235,,21.555
2CXO J155705.4+055327,20.719,20.016
2CXO J155709.9+395358,,21.671
2CXO J155722.1+055319,21.48,20.729
2CXO J155811.4+401112,18.697,18.138
2CXO J155855.9+395651,19.258,18.883
2CXO J155948.5+411522,19.226,18.2
2CXO J160002.4+413035,,22.576
2CXO J160047.6+331311,20.414,19.772
2CXO J160149.9+401715,21.701,19.78
2CXO J160207.6+380743,,20.765
2CXO J160229.5+381847,20.503,19.87
2CXO J160232.3+160421,,21.018
2CXO J160244.2+072625,21.372,21.24
2CXO J160246.3+524358,21.402,20.29
2CXO J160326.1+814221,20.575,14.74
2CXO J160339.4+500956,,20.286
2CXO J160353.8+072637,20.435,19.563
2CXO J160433.1+164638,22.159,21.232
2CXO J160441.4+164538,21.007,19.561
2CXO J160454.7+235239,,21.313
2CXO J160455.3+381201,19.702,20.008
2CXO J160502.4+330546,18.598,18.289
2CXO J160517.7-010955,,21.102
2CXO J160918.9+082416,19.682,18.396
2CXO J160934.9+655637,,21.159
2CXO J161027.4+130806,,21.222
2CXO J161046.8+522805,20.211,19.814
2CXO J161111.6+513131,19.653,19.663
2CXO J161112.1+115733,20.569000000000006,19.277
2CXO J161156.0+293450,,20.329
2CXO J161235.7+283721,21.456,20.543000000000006
2CXO J161347.7+290911,,21.208
2CXO J161534.3+304723,,20.908
2CXO J161556.3+192305,21.789,20.399
2CXO J161732.3+321146,,20.428
2CXO J161751.9-001957,20.161,19.8
2CXO J161801.7+070450,,22.205
2CXO J162036.3+410252,18.362,12.985
2CXO J162115.2-003140,20.987,21.122
2CXO J162122.6+151915,20.439,20.119
2CXO J162128.7-003850,21.585,20.099
2CXO J162131.4+152940,,21.465
2CXO J162143.7+355534,,20.963
2CXO J162156.7+152048,,20.887
2CXO J162252.1+263852,,22.554
2CXO J162343.7+263244,20.639,19.771
2CXO J162348.5+310315,,20.68
2CXO J162424.6+564634,19.647,14.255
2CXO J162432.1+565228,20.67,19.573
2CXO J162439.0+234512,,18.999
2CXO J162544.3+154938,22.144,19.837
2CXO J162559.6+375638,18.657,18.738
2CXO J162622.0+295237,,18.524
2CXO J162744.4+272917,20.302,19.873
2CXO J162806.6+434028,18.766,17.678
2CXO J162807.0+442738,21.608,20.07
2CXO J162829.2+432951,18.996,19.16
2CXO J162845.6+442413,19.906,19.458
2CXO J163159.6+243740,20.093,19.736
2CXO J163228.7+351352,21.557,20.447
2CXO J163252.4+350431,20.573,14.295
2CXO J163318.4+351511,20.881,20.07
2CXO J163629.6+410222,21.109,20.127
2CXO J163647.1+410335,,21.066
2CXO J163700.2+222114,,21.396
2CXO J163700.6+410555,,23.001
2CXO J163710.0+405642,,21.264
2CXO J163820.8+282948,,21.402
2CXO J164154.2+400032,19.694000000000006,18.69
2CXO J164200.5+533950,,21.866
2CXO J164217.2+533718,,15.932
2CXO J164223.4+272706,21.773000000000003,19.479
2CXO J164302.0+441421,,19.99
2CXO J164407.6+415748,,20.737
2CXO J164435.3+420029,21.818,20.727
2CXO J164442.5+261913,19.28,19.207
2CXO J164455.5+420158,21.395,20.301
2CXO J164517.0+444736,,21.825
2CXO J164717.1-015845,,15.455
2CXO J165054.1+432111,21.846,19.88
2CXO J165119.5+431917,,21.76
2CXO J165157.4+305613,21.294,20.798
2CXO J165637.0+371439,19.948,20.405
2CXO J165713.3+352439,21.862,22.327
2CXO J165939.7+183436,20.924,20.322
2CXO J170124.8+514920,17.993,16.257
2CXO J170342.4+514848,22.192,21.138
2CXO J170343.9+514707,,22.757
2CXO J170348.9+514455,,22.66
2CXO J170355.7+604511,19.781,19.585
2CXO J170546.9+631058,20.133,19.58
2CXO J170817.8+615448,,20.031
2CXO J170819.6+614206,19.608,18.621
2CXO J170917.2+615322,21.092,20.584
2CXO J170931.4+343310,21.21,20.426
2CXO J170942.5+342316,,21.111
2CXO J170958.7+342129,18.862,18.618
2CXO J171029.2+342453,20.503,19.067
2CXO J171304.5+611943,21.549,20.29
2CXO J171419.2+611944,,21.661
2CXO J171516.5+632944,20.442,19.338
2CXO J171712.8+304616,,20.391
2CXO J171900.4+264141,,21.437
2CXO J171927.0+273433,19.521,19.312
2CXO J171927.2+273245,,19.447
2CXO J172120.6+263654,20.375,20.134
2CXO J172858.1+603512,,20.958
2CXO J172958.7+575838,20.149,18.439
2CXO J173435.9+565806,,21.657
2CXO J173442.6+160032,,20.477
2CXO J173541.7+534319,,20.923
2CXO J173551.9+535515,20.571,19.196
2CXO J173638.6+535432,21.82,21.852
2CXO J173716.1+582840,,21.656
2CXO J173809.3+584253,,18.713
2CXO J174819.5+701609,19.786,19.438
2CXO J175210.6+231145,,22.949
2CXO J175636.3+512920,16.934,13.606
2CXO J181056.2+495812,,18.477
2CXO J181429.7+612335,15.93,15.681
2CXO J181635.9+451033,19.863,19.107
2CXO J183114.8+290710,,21.801
2CXO J183346.3+472702,,20.708
2CXO J183826.2+171149,,21.438
2CXO J184103.5+795306,21.239,15.355
2CXO J184229.6-482632,,15.231
2CXO J184538.2+795632,12.986,11.364
2CXO J190109.3-220005,17.637999999999995,17.503
2CXO J193925.0-634245,,21.786
2CXO J193939.0-634223,18.423,13.947
2CXO J194726.8+475427,19.182,16.348
2CXO J195233.9-550943,17.48,13.349
2CXO J195944.9-551555,,17.402
2CXO J200907.1-485534,21.52,14.975
2CXO J202223.4+095916,14.607,13.48
2CXO J202536.8-454634,21.747,15.52
2CXO J204640.1-363148,20.081,19.084
2CXO J204812.1+070117,,22.305
2CXO J205114.9-523726,19.145,13.527
2CXO J205448.6-582715,17.261,13.300999999999998
2CXO J205822.1-065004,20.245,19.968
2CXO J205829.9-423634,,22.517
2CXO J210211.5-064644,20.134,19.821
2CXO J210434.3-111621,19.363,14.376
2CXO J210451.8-071209,19.812,19.549
2CXO J210755.0-062519,20.211,19.4
2CXO J211452.5+060742,17.005,16.535999999999998
2CXO J211455.7-432343,,13.274
2CXO J211507.0-432309,21.199,18.635
2CXO J211614.2-001036,20.777,19.726
2CXO J211816.9+001718,,21.518
2CXO J211817.4+001316,20.312,19.723
2CXO J212034.1-064122,,22.034
2CXO J212203.6+170753,20.934,15.925
2CXO J212246.3+170437,21.604,20.33
2CXO J212328.4-060013,21.27,20.27
2CXO J212407.6+115056,,21.796
2CXO J212416.0-074129,21.646,19.57
2CXO J212419.3-004646,21.44,19.925
2CXO J212512.4-071329,20.087,19.467
2CXO J212630.7-460547,21.388,19.011
2CXO J212912.4+000235,,21.8
2CXO J212947.2-000509,,22.269
2CXO J213315.5-425426,21.047,21.567
2CXO J213409.9-004619,,21.7
2CXO J213426.3-422958,,22.656
2CXO J213455.3-010132,21.263,20.911
2CXO J213506.0-543459,20.355,14.056
2CXO J213520.5-010318,20.236,18.93
2CXO J213627.8+003119,,15.186
2CXO J214832.2+044215,21.92,18.42
2CXO J214843.5+001054,20.714,19.077
2CXO J215033.6-054733,,21.864
2CXO J215339.9+175419,19.703,14.245
2CXO J215922.1-001618,,21.253
2CXO J215942.2-001334,21.621,21.094
2CXO J215954.4-002150,19.021,18.245
2CXO J220501.1+003123,22.257,21.521
2CXO J220647.9-274825,,20.637
2CXO J220728.1+001619,21.785,20.522
2CXO J220735.1+000401,20.528,20.055
2CXO J221009.9-360519,,18.258
2CXO J221014.9-355843,21.179,14.343
2CXO J221038.3-301138,21.085,20.762
2CXO J221437.8-190057,,20.514
2CXO J221724.5-364024,20.452,18.492
2CXO J221909.9-271934,20.864,19.919
2CXO J222135.1+230747,,18.726
2CXO J222301.0-285454,,21.642
2CXO J222554.3+172310,13.918,13.91
2CXO J222741.5-303809,21.491,20.518
2CXO J222852.6-075346,18.59,18.14
2CXO J222906.0-080251,,20.462
2CXO J223715.5+821027,17.396,16.923
2CXO J223925.4+032038,20.396,15.178
2CXO J224007.1+031813,21.538,20.728
2CXO J224021.4+075403,,19.942
2CXO J224649.3-004954,19.781,19.192
2CXO J225228.2-174916,21.069000000000006,20.634
2CXO J225636.4+052516,16.92,16.743
2CXO J225654.0-103548,20.183,20.081
2CXO J225654.3-102650,,20.677
2CXO J225848.2+251543,13.104,13.244000000000002
2CXO J230204.2+084653,,21.563
2CXO J230257.4+084833,,21.022
2CXO J230440.4+121021,21.522,14.646
2CXO J230912.7+003956,21.785,20.715
2CXO J230923.3-000537,21.912,21.288
2CXO J230946.1+000048,19.759,19.141
2CXO J230956.0-000240,21.321,20.38
2CXO J231129.6-282720,21.783,21.149
2CXO J231309.7+002633,20.692,20.233
2CXO J231331.4+003332,21.16,20.729
2CXO J231836.9+304836,20.282,19.819000000000006
2CXO J232428.4+144323,,19.889
2CXO J232444.7+143113,,20.093
2CXO J233119.0+194511,,21.375
2CXO J233154.2+193834,21.671,20.516
2CXO J233212.5+194217,19.22,14.369000000000002
2CXO J233901.2+362108,20.332,19.015
2CXO J234053.0-090314,,19.934
2CXO J234053.7-091210,21.7,22.188
2CXO J234100.9-085531,22.327,21.512
2CXO J234421.1+095602,20.21,16.883
2CXO J234449.5+122143,19.975,19.006
2CXO J234806.6+010043,,22.07
2CXO J234807.1-091202,21.553,21.355
2CXO J234810.5+010552,,21.312
2CXO J234819.5+005721,22.003,20.521
2CXO J234820.2+005437,21.341,22.065
2CXO J234820.8+010024,22.767,21.833
2CXO J234849.5+010719,21.296,20.915
2CXO J235129.8-851404,16.552,13.174
2CXO J235425.4-101402,,18.913
2CXO J235614.4+192629,,21.476
2CXO J235939.7-250056,,22.695
2CXO J235953.6-124148,,20.133
2CXO J142428.1+351922,,21.64
2CXO J142455.6+351356,,20.347
2CXO J142507.3+323137,20.493,19.729
2CXO J142511.3+332026,19.11,19.228
2CXO J142530.1+335217,,20.356
2CXO J142538.9+331009,,22.036
2CXO J142616.5+335326,21.459,20.129
2CXO J142620.2+351711,,20.356
2CXO J142622.6+334202,20.899,19.26
2CXO J142640.8+332159,,20.848000000000006
2CXO J142730.3+324106,,20.649
2CXO J142734.8+352543,19.515,19.404
2CXO J142738.2+351132,20.374,19.162
2CXO J142738.3+325319,21.387,19.057
2CXO J142745.2+325705,15.214,12.226
2CXO J142746.6+330117,21.276,21.454
2CXO J142811.7+332008,20.181,20.266
2CXO J142813.9+334759,,21.767
2CXO J142838.2+322816,,18.951
2CXO J142848.3+350315,21.08,20.348
2CXO J142911.1+330942,,19.704
2CXO J142917.2+342130,,19.969
2CXO J142942.6+335655,,19.626
2CXO J142949.6+324652,22.186,22.182
2CXO J142954.6+330135,,20.869
2CXO J143016.1+351923,19.48,18.735
2CXO J143031.7+330042,21.127,19.409
2CXO J143052.8+324438,21.697,20.179
2CXO J143057.2+324441,19.128,19.077
2CXO J143102.9+323927,19.969,19.012
2CXO J143132.1+341417,21.451,19.729
2CXO J143143.5+330134,20.113,19.705
2CXO J143201.7+343526,21.679,20.531
2CXO J143219.5+341728,19.886,19.388
2CXO J143232.4+340624,19.906,19.327
2CXO J143244.2+350100,20.648000000000003,20.019
2CXO J143247.6+324850,19.975,19.585
2CXO J143250.5+340719,21.368,20.896
2CXO J143307.8+342316,21.373,20.38
2CXO J143457.6+334449,21.941,18.285
2CXO J143559.1+334640,20.078,19.188
2CXO J143624.2+353710,19.481,18.789
2CXO J143624.6+352536,20.27,19.284
2CXO J143627.8+343417,,21.077
2CXO J143628.0+335524,21.118,19.554
2CXO J143633.0+344253,,20.854
2CXO J143651.5+343602,19.927,19.9
2CXO J143709.9+343531,21.056,19.798
2CXO J143239.8+361808,18.836,17.507
2CXO J010314.6-705053,,10.765
2CXO J122448.1+125413,19.752,18.933
2CXO J122703.3+125401,21.515,19.826
2CXO J123133.0+121054,20.075,19.197
2CXO J123346.2+130905,,20.759
2CXO J123355.6+130431,20.111,19.892
2CXO J122922.1+075332,,21.907
2CXO J124105.5+112941,20.853,19.974
2CXO J124107.2+113702,20.89,19.78
2CXO J124347.7+113149,,20.947
2CXO J122859.3+114725,,18.705
2CXO J123320.9+110701,21.44,19.601
2CXO J123410.7+111732,19.959,19.071
2CXO J123050.5+103859,20.385,19.672
2CXO J095746.6+020712,,21.386
2CXO J095752.3+022020,22.689,21.27
2CXO J095754.7+023832,,20.299
2CXO J095755.4+022400,,22.313
2CXO J095759.4+020436,,22.328000000000007
2CXO J095759.4+022810,20.582,20.438
2CXO J095810.8+014004,,23.161
2CXO J095817.5+021938,,22.235
2CXO J095820.4+020304,,20.507
2CXO J095829.2+021543,22.317,21.637
2CXO J095834.7+014502,21.716,21.22
2CXO J095839.2+020506,21.645,21.28
2CXO J095840.3+020807,22.455,21.479
2CXO J095842.0+015857,,21.46
2CXO J095844.7+020249,21.306,20.736
2CXO J095849.0+013219,,21.897
2CXO J095849.5+021640,,22.105
2CXO J095900.2+022811,,21.73
2CXO J095903.2+022002,,22.072
2CXO J095910.3+020732,21.957,22.086
2CXO J095915.6+020856,22.089,21.362
2CXO J095917.2+015018,,21.706
2CXO J095920.9+020031,,22.628
2CXO J095923.5+022226,22.688,22.518
2CXO J095928.3+022105,22.758000000000006,21.601
2CXO J095928.5+015934,,22.237
2CXO J095933.8+014906,20.403,19.844
2CXO J095934.8+021421,,22.481
2CXO J095935.4+013100,,22.309
2CXO J095935.6+024839,,21.927
2CXO J095938.9+021200,22.371,21.309
2CXO J095943.3+013544,,22.57
2CXO J095945.2+023439,21.313,20.87
2CXO J095945.6+013032,,21.425
2CXO J095954.7+013206,21.568,20.874
2CXO J095958.0+014327,21.262,20.568
2CXO J100001.0+021413,,22.957
2CXO J100003.5+015043,,16.61
2CXO J100007.9+014212,,21.809
2CXO J100008.1+013306,22.063,20.884
2CXO J100012.4+014057,,22.294
2CXO J100013.5+013738,,21.391
2CXO J100013.6+013034,,20.911
2CXO J100013.7+021221,21.788,21.33
2CXO J100014.0+022838,,21.808000000000003
2CXO J100015.7+025545,21.104,20.412
2CXO J100024.4+020619,22.108,21.185
2CXO J100030.0+025142,21.406,21.279
2CXO J100033.4+015237,,20.884
2CXO J100033.5+013811,22.432,21.86
2CXO J100037.3+024950,,22.32
2CXO J100037.9+020822,,22.911
2CXO J100040.1+024751,,20.993
2CXO J100041.5+013658,21.492,21.826
2CXO J100057.7+023932,,22.771
2CXO J100100.6+022910,22.265,21.036
2CXO J100112.6+020940,,22.146
2CXO J100113.8+014000,,22.747
2CXO J100114.2+022356,,21.952
2CXO J100114.8+020208,,22.076
2CXO J100118.5+015542,,21.887
2CXO J100118.5+022738,,21.449
2CXO J100120.2+020341,21.334,20.757
2CXO J100120.2+023341,21.63,21.16
2CXO J100123.0+020851,,21.169
2CXO J100132.1+013420,21.427,20.708
2CXO J100135.8+024118,21.771,21.093000000000004
2CXO J100136.3+024726,,22.606
2CXO J100141.0+021259,,21.655
2CXO J100141.3+021031,,22.308000000000003
2CXO J100141.8+024927,,22.345
2CXO J100148.4+020841,,21.791
2CXO J100148.9+024821,,21.719
2CXO J100153.2+022436,,22.034
2CXO J100156.7+025312,,22.076
2CXO J100158.9+022445,21.9,22.215
2CXO J100159.8+013134,,21.891
2CXO J100201.5+020329,21.962,20.836
2CXO J100202.5+020145,,22.191
2CXO J100202.7+022434,,21.608
2CXO J100204.8+013355,,21.892
2CXO J100207.6+021120,22.26,22.418000000000006
2CXO J100216.1+023012,,22.617
2CXO J100218.3+021053,22.143,21.799
2CXO J100219.4+025049,22.072,21.205
2CXO J100226.7+014051,,22.022
2CXO J100230.8+022452,21.203000000000007,20.978
2CXO J100231.9+023507,,22.399
2CXO J100232.1+023537,20.569000000000006,19.65
2CXO J100238.7+013936,22.363000000000003,22.56
2CXO J100243.8+020502,22.292,20.861
2CXO J100248.8+013854,,21.652
2CXO J100249.3+023746,,22.255
2CXO J100302.9+015208,,21.54
2CXO J100305.0+015156,22.619,21.872
2CXO J100316.1+022615,,22.587
2CXO J003956.5+404059,18.343,14.211
2CXO J004007.2+404140,,19.988
2CXO J004020.3+404358,,20.38
2CXO J104445.3+585407,,21.92
2CXO J104505.0+585947,,22.676
2CXO J104546.9+591856,,22.685
2CXO J104616.6+591626,,21.704
2CXO J104630.0+591841,,22.869
2CXO J104737.2+592238,22.156,22.086
2CXO J104748.7+592328,,20.623
2CXO J104844.0+590706,,22.326
2CXO J104852.1+584520,17.864,13.549
2CXO J160630.6+542007,19.915,19.178
2CXO J160803.6+545303,19.277,18.345
2CXO J160856.7+540314,,20.099
2CXO J160913.1+535429,19.362,18.454
2CXO J161109.5+535807,,19.034
2CXO J140247.7+541034,,22.483
2CXO J140251.4+542747,,20.583
2CXO J140315.6+542731,,19.694000000000006
2CXO J140347.4+541704,,21.586
2CXO J140357.6+541856,17.637,17.899
2CXO J140416.7+541615,21.619,19.401
2CXO J140421.8+541921,,17.007
2CXO J140505.5+534016,,17.008
2CXO J150558.4+014104,,22.291
2CXO J150204.6+011016,,19.96
2CXO J134815.6+264442,21.421,19.783
2CXO J134834.2+262205,20.284,19.215
2CXO J134848.2+262219,19.833,19.094
2CXO J134949.8+263347,19.947,19.443
2CXO J232619.4+002111,,22.041
2CXO J232619.6+001826,,21.213
2CXO J232757.2-000036,,20.927
2CXO J233020.6+001727,20.47,20.188
2CXO J233023.4+000811,21.186,20.07
2CXO J233050.5+001555,,22.451
2CXO J231906.1+003404,19.302,19.683
2CXO J233722.0+002239,,20.229
2CXO J233731.7+002600,20.75,20.994
2CXO J233739.1+002656,20.938,20.123
2CXO J233741.3+001744,21.053,20.496
2CXO J122424.6+164545,20.341,19.529
2CXO J033341.8-360731,16.474,16.345
2CXO J033407.5-360401,,21.492
2CXO J033553.6-354922,,20.382
2CXO J033737.4-350004,20.019,19.48
2CXO J033739.6-353418,21.044,20.336
2CXO J022813.6+003231,22.546,21.897
2CXO J022838.6+003320,20.982,20.059
2CXO J022842.0+004536,,22.004
2CXO J022916.4+002659,19.924,19.827
2CXO J022938.2+002717,21.027,20.628
2CXO J022408.2+000301,20.952,20.846
2CXO J022430.5-000038,20.96,20.259
2CXO J022436.9-000603,22.125,21.224
2CXO J082133.8+210818,21.563,20.525
2CXO J175612.1+661946,21.783,20.405
2CXO J112727.0+570500,21.539,20.658
2CXO J125939.8+275716,,20.446
2CXO J130051.7+275219,,21.868
2CXO J130110.6+274859,,20.397
2CXO J130128.1+275106,18.843,18.848
2CXO J151106.4+054122,,20.485
2CXO J151021.1+075003,,20.232
2CXO J151628.4+070241,,19.253
2CXO J124908.7-411225,16.895,14.895
2CXO J003955.7-090450,20.801,19.605
2CXO J004121.5-092210,22.229,20.852
2CXO J004206.2-091254,,21.639
2CXO J132533.7-430525,16.239,12.935
2CXO J122206.8+294322,17.785,17.969
2CXO J125826.4-020210,,21.34
2CXO J125828.9-014037,,21.701
2CXO J125830.1-015836,19.069000000000006,18.578
2CXO J125854.6-013325,20.859,20.232
2CXO J125912.8-013407,,21.176
2CXO J165051.1+344311,,22.532
2CXO J165108.8+345634,,20.044
2CXO J043242.7+255231,18.336,16.489
2CXO J104714.8+123937,19.738,19.375
2CXO J104746.7+124541,20.46,19.646
2CXO J104749.4+122748,,20.754
2CXO J104827.1+123859,21.774,20.491
2CXO J104852.6+123020,,20.343
2CXO J104910.8+123531,20.751,19.026
2CXO J092633.3+304535,,19.685
2CXO J014744.0-000232,21.718000000000004,21.27
2CXO J014756.9+000021,,22.263
2CXO J014812.8+000322,20.759,20.735
2CXO J014820.9-000225,20.729,19.526
2CXO J014822.3+000014,21.553,20.616
2CXO J115838.5+435505,,20.876
2CXO J115911.5+440817,,19.538
2CXO J120720.7+430552,20.179,14.382
2CXO J103150.5+574247,,21.998
2CXO J103150.8+574349,22.479,21.047
2CXO J103218.0+573830,,21.826
2CXO J103222.8+575551,21.773000000000003,20.726
2CXO J103239.4+575312,21.686,20.624
2CXO J103242.3+574427,,23.008000000000006
2CXO J103244.9+574949,,22.354
2CXO J103247.0+575510,,22.037
2CXO J103337.9+574238,,20.634
2CXO J103345.0+574910,22.327,21.93
2CXO J103353.2+575025,,22.347
2CXO J103415.4+575935,,21.735
2CXO J103417.4+575022,,22.201
2CXO J103429.6+575217,,22.026
2CXO J103439.8+573804,22.8,22.116
2CXO J103540.8+575038,21.268,20.514
2CXO J115606.8+233106,20.271,19.396
2CXO J124243.8+033204,21.553,20.65
2CXO J124249.8+024116,,15.254
2CXO J005633.7-272953,20.029,19.591
2CXO J005701.2-272756,21.699,20.804
2CXO J005717.8-271830,,21.531
2CXO J005929.0-263108,,18.098
2CXO J100056.5+554059,,20.632
2CXO J100104.3+553521,20.578000000000007,20.285
2CXO J100119.7+554558,,21.407
2CXO J100132.9+555906,21.114,19.908
2CXO J100159.6+553758,,15.720999999999998
2CXO J100205.3+554257,21.797,19.082
2CXO J132432.6+304557,19.641,19.313
2CXO J132500.3+310055,,19.866
2CXO J132531.8+301714,21.596,20.39
2CXO J033132.8-280116,,21.417
2CXO J033139.2-273752,,22.786
2CXO J033144.6-274519,,21.917
2CXO J033245.6-275534,20.89,21.689
2CXO J033257.1-274534,21.2,20.726
2CXO J033309.7-275614,,22.403
2CXO J033322.7-275523,,21.646
2CXO J033334.1-273424,22.688,21.63
2CXO J235653.8-010731,20.703000000000007,19.904
2CXO J091758.7+514116,19.341,19.099
2CXO J091828.5+513932,18.053,17.898
2CXO J111422.4+531912,19.318,19.222
2CXO J111452.8+531531,,20.666
2CXO J111518.5+531452,20.061,19.378
2CXO J122338.6+065715,,16.745
2CXO J122349.6+072659,20.054,19.321
2CXO J122418.0+070948,20.793000000000006,19.808
2CXO J013256.6+301542,,18.981
2CXO J013323.2+305653,16.552,12.817
2CXO J013346.5+305430,18.941,14.483
2CXO J013452.8+302810,,17.194000000000006
2CXO J151345.2+552646,19.969,19.979
2CXO J151413.6+553501,,19.257
2CXO J151451.3+552602,,22.096
2CXO J171520.1+601313,,21.205
2CXO J171544.0+600835,21.164,21.347
2CXO J171545.5+601119,21.771,21.203000000000007
2CXO J132851.7+472221,,21.87
2CXO J132942.4+471138,14.939,14.671
2CXO J133004.0+471003,14.337,13.903
2CXO J153150.1+242108,20.363,19.421
2CXO J153159.1+242048,18.329,17.36
2CXO J083205.9+524359,,22.131
2CXO J111354.6+124439,,21.423
2CXO J085331.5+512646,18.127,14.574000000000002
2CXO J144958.5+085911,,20.821
2CXO J160410.2+432614,21.618,19.006
2CXO J160421.7+432354,,21.242
2CXO J133045.0-013816,,20.618
2CXO J031823.7-662834,13.109000000000002,12.906
2CXO J102554.6+471424,20.146,19.885
2CXO J003309.1-432652,,21.512
2CXO J003335.3-433015,,22.043000000000006
2CXO J003344.9-434352,,22.248
2CXO J003502.5-433419,,22.189
2CXO J003544.8-433119,21.12,20.937
2CXO J003548.4-431444,,22.259
2CXO J003554.1-433418,,21.765
2CXO J163950.3+463326,,21.01
2CXO J164104.4+463850,,21.506
2CXO J145111.7+580002,21.652,21.548
2CXO J145256.5+580844,,13.202
2CXO J145447.1+580058,20.525,19.484
2CXO J083632.7+552846,,21.599
2CXO J083633.5+553245,,21.297
2CXO J132014.7+330836,,19.689
2CXO J112306.3+013749,20.782,20.293
2CXO J002410.9-015647,,22.217
2CXO J111928.4+130251,21.959,22.367
2CXO J111946.9+133800,,20.866
2CXO J112011.8+133122,21.927,20.446
2CXO J112014.7+133227,21.632,20.032
2CXO J112039.8+133620,21.576,20.637
2CXO J112048.9+133822,20.299,19.453
2CXO J133604.5-300828,20.916,19.027
2CXO J133620.0-295106,,20.791
2CXO J141429.9-002309,21.197,20.498
2CXO J141525.6-003042,,21.511
2CXO J141528.7-002634,18.221,17.320999999999998
2CXO J141541.8-003045,21.53,21.434
2CXO J081739.5-073308,19.537,18.974
2CXO J021013.6-001159,,22.039
2CXO J021025.7-001623,20.908,20.444000000000006
2CXO J020845.5+002236,19.114,18.272
2CXO J020847.2+002014,21.313,19.938
2CXO J020913.3+002503,21.644,20.187
2CXO J020923.5+002746,21.28,20.265
2CXO J020925.1+002356,20.618,19.961
2CXO J222221.1+195947,18.231,18.002
2CXO J110502.0+594103,16.761,16.508
2CXO J022439.6-042401,,21.93
2CXO J123558.9+280548,,21.31
2CXO J121451.2+363013,20.777,20.432
2CXO J114356.8+195649,19.192,19.066
2CXO J114405.6+195735,19.764,19.134
2CXO J114933.8+222226,20.155,19.453
2CXO J120507.6-074527,,22.097
2CXO J120608.9-074550,,21.363000000000003
2CXO J110659.1-771854,,20.064
2CXO J131129.6-011602,21.111,20.646
2CXO J131135.6-012012,,21.398000000000003
2CXO J131155.8-012557,21.335,20.927
2CXO J163443.7+562917,,19.142
2CXO J084825.2+444808,21.858,21.432
2CXO J084827.3+445434,,22.34
2CXO J084854.4+445150,,21.686
2CXO J084905.0+445714,,22.273000000000003
2CXO J084922.5+445357,,21.902
2CXO J084944.4+445840,18.171,12.693
2CXO J084304.8+292953,20.964,19.995
2CXO J084309.8+292919,,20.896
2CXO J083925.4+295319,22.115,22.141
2CXO J155209.2+200523,,22.378
2CXO J155229.9+200721,19.13,18.892
2CXO J221722.7+002108,,21.06
2CXO J020022.0-084511,,21.363000000000003
2CXO J020039.1-084554,18.863,18.688
2CXO J142433.8+461543,21.816,20.164
2CXO J142437.9+453453,20.208,19.203
2CXO J141531.4+113157,21.836,20.77
2CXO J141531.9+112850,20.154,20.108
2CXO J114522.3+472434,20.867,19.558
2CXO J101407.1-005425,,21.383000000000006
2CXO J122700.1+215657,19.424,19.337
2CXO J015234.8-134737,20.019,19.78
2CXO J015308.0-135802,,20.771
2CXO J015312.3-135724,,22.12
2CXO J052116.1-252958,,21.691
2CXO J131132.8+220400,,20.812
2CXO J171952.9+263003,20.712,19.078
2CXO J172026.4+263815,20.622,19.642
2CXO J135317.7+332927,18.135,18.189
2CXO J135419.9+325547,17.979,17.012999999999998
2CXO J001251.5-302231,,21.734
2CXO J001321.5-301715,,22.453000000000007
2CXO J001404.4-302504,,21.103
2CXO J001457.1-302645,21.44,20.854
2CXO J154140.9+662237,,21.142
2CXO J085232.5+331724,22.386,19.749
2CXO J124142.6+412259,20.629,20.751
2CXO J124235.0+411313,20.993,20.901
2CXO J005603.4-374333,,22.46
2CXO J124846.8-054852,20.243,19.356
2CXO J011513.1+002013,,21.284
2CXO J230218.1+084408,22.05,21.079
2CXO J230246.0+084522,,22.968000000000004
2CXO J121007.7+392312,21.039,20.602
2CXO J121017.6+392128,,20.68
2CXO J121022.3+392316,,20.974
2CXO J122134.8+042315,21.85,19.453
2CXO J141908.2+062836,19.331,18.53
2CXO J095241.4+515848,18.839,18.227
2CXO J095243.0+515121,18.808,18.095
2CXO J073509.1+654024,18.175,13.144
2CXO J073708.5+654214,,22.167
2CXO J124213.8-112510,,20.676
2CXO J142701.2+441657,21.521,20.598000000000006
2CXO J145055.0+000423,21.228,20.543000000000006
2CXO J135723.3+622803,20.018,19.619
2CXO J145151.3+430256,,21.5
2CXO J120104.6+575846,21.917,19.863
2CXO J120106.1+580336,20.606,19.953
2CXO J120205.0+575538,19.929,14.223
2CXO J120233.3+580501,,22.358
2CXO J214001.4-234113,,22.364
2CXO J214018.0-234920,,21.632
2CXO J214018.3-234056,,20.726
2CXO J134425.9-000056,20.012,19.291
2CXO J095404.9+174218,,21.188
2CXO J205605.5-044058,,21.185
2CXO J205606.7-043725,,21.332
2CXO J212501.2-081328,20.326,18.768
2CXO J084136.3+130857,,22.124
2CXO J053923.5-284223,19.515,18.083
2CXO J053944.6-284550,16.952,13.533
2CXO J053956.9-285026,,21.521
2CXO J053957.0-285108,,22.114
2CXO J090955.9+542916,18.877,15.538
2CXO J091011.0+542723,18.178,17.444000000000006
2CXO J005047.9-005217,20.686,14.848
2CXO J005102.4-010244,20.896,19.854
2CXO J172109.5+354215,19.622,19.765
2CXO J104947.4+330026,20.268,18.238
2CXO J105014.7+331013,20.4,19.518
2CXO J011050.5-460013,21.976,20.414
2CXO J153954.1+342110,21.503,20.447
2CXO J213617.3-542552,21.172,14.222
2CXO J213628.0-543318,14.647,13.898
2CXO J173801.1+583012,,21.41
2CXO J010026.1-334107,,21.676
2CXO J010032.8-333832,21.407,20.729
2CXO J010045.1-335711,20.221,19.653
2CXO J010056.6-334046,18.992,17.929000000000006
2CXO J102348.4+040553,,19.358
2CXO J065036.5+413053,21.528,20.554
2CXO J125304.7-090441,,21.28
2CXO J215810.8-693744,16.154,12.618
2CXO J001457.1-391228,13.482,13.592
2CXO J221756.6-594130,17.902,17.543
2CXO J114400.4+462642,,18.116
2CXO J112833.1+583343,15.538,15.073
2CXO J125628.1+215408,,21.342
2CXO J215458.3+165527,,16.757
2CXO J215515.9+165102,19.754,15.501
2CXO J122906.6+441055,20.928,20.253
2CXO J004716.0-251801,,15.408
2CXO J004723.1-251054,,21.854
2CXO J010927.0+354305,17.311,15.015999999999998
2CXO J033422.0-011517,,21.252
2CXO J115057.8-284401,,21.179
2CXO J100433.8+411234,,21.521
2CXO J100434.8+411239,,19.423
2CXO J100441.0+410943,20.117,18.985
2CXO J100523.9+410745,19.162,19.323
2CXO J100553.9+411435,19.997,19.634
2CXO J080430.4+645952,17.667,15.674
2CXO J140643.3+341123,,18.378
2CXO J234131.3-091214,20.282,19.561
2CXO J084205.9-172546,16.973,12.22
2CXO J100448.2-074749,,21.904
2CXO J100513.1-074422,,18.754
2CXO J090036.1+204830,22.042,20.747
2CXO J212924.3+000638,,20.074
2CXO J212939.6+000815,,20.989
2CXO J050749.0-373822,18.033,13.43
2CXO J092458.9+022519,,22.03
2CXO J092505.0+021231,,21.927
2CXO J033840.2+095818,21.428,21.352
2CXO J074408.4+375841,20.779,19.23
2CXO J041440.4+052403,16.942999999999998,14.077
2CXO J222328.9-300423,,22.754
2CXO J222334.7-300349,,20.528
2CXO J120719.2+640840,20.589,19.547
2CXO J003915.8-511701,16.644000000000002,15.986
2CXO J150422.1-024556,,21.292
2CXO J152351.2+083604,20.743,20.604
2CXO J223505.4-260249,22.313,15.542
2CXO J223548.1-255835,20.61,20.01
2CXO J084207.5+322645,,19.434
2CXO J125919.2+124828,20.209,19.644
2CXO J125955.4+124151,,20.697
2CXO J115653.4+333146,19.87,20.047
2CXO J115707.3+333257,,20.521
2CXO J111822.2+074448,,21.598000000000006
2CXO J111832.8+074901,21.95,21.3
2CXO J111840.5+075323,20.972,20.21
2CXO J225728.1+204608,18.161,12.282
2CXO J003739.1-334229,,16.63
2CXO J013805.3-125210,18.065,17.616
2CXO J144938.2+630608,,20.697
2CXO J103059.1+350704,,21.482
2CXO J180730.2+455132,16.649,16.301
2CXO J232224.7-021341,18.807,17.680999999999994
2CXO J111612.0+012438,,21.549
2CXO J025702.8-561130,21.389,15.684
2CXO J132558.1+073623,,21.784
2CXO J144600.7+151232,19.551,18.84
2CXO J134054.4+262255,20.084,19.766
2CXO J134152.9+261658,,21.604
2CXO J224022.8+032450,,21.671
2CXO J032738.9-532604,21.004,20.186
2CXO J090441.4-322247,15.873,16.038
2CXO J101802.9-012914,,20.093
2CXO J101837.3-012324,,21.434
2CXO J031121.8+011137,,21.535
2CXO J031124.4+010655,,21.185
2CXO J141449.5+361240,20.052,20.357
2CXO J062055.1-622114,,12.636
2CXO J062145.7-622302,17.285999999999998,13.469
2CXO J215501.5-092224,14.991,14.640999999999998
2CXO J011351.0+131617,16.999000000000002,16.605
2CXO J145032.7+233838,,19.315
2CXO J095207.4+213510,19.39,17.91
2CXO J095209.5+214313,20.189,19.94
2CXO J015841.4-432503,19.587,18.609
2CXO J220953.7-651426,,14.042
2CXO J085258.3+162459,17.465999999999998,13.561
2CXO J120629.3+281436,19.741,19.188
2CXO J120636.1+281659,,18.353
2CXO J074833.7-674507,19.496,19.02
2CXO J224645.2-021816,,20.837
2CXO J015103.6-595804,17.85,13.613
2CXO J223718.5+745359,21.48,15.854
2CXO J072039.2+711010,19.168,14.856
2CXO J061756.9+781607,,22.604
2CXO J000405.3-260343,,22.21
2CXO J130124.5+291830,,18.593
2CXO J003927.9+031853,18.708,13.839
2CXO J230130.8-385405,21.361,20.088
2CXO J173140.6+663000,19.937,14.431
2CXO J072525.0+854418,17.865,13.04
2CXO J113217.1-302538,17.169,13.550999999999998
2CXO J095746.1+015712,22.1711,21.6599
2CXO J095852.0+025156,21.379,20.6117
2CXO J123219.7+110952,,20.4362
2CXO J124057.3+110110,20.2214,18.8514
2CXO J124445.7+111655,20.8754,19.5187
2CXO J002227.4+012412,,20.9524
2CXO J002235.5+012203,20.9467,20.4661
2CXO J003422.8-431019,22.8362,21.2621
2CXO J003453.3-431802,,21.8085
2CXO J004258.3-203714,18.0825,16.9887
2CXO J005734.9-012327,21.5983,20.1033
2CXO J010440.6+000944,,21.3466
2CXO J010653.4+004829,,21.9283
2CXO J015658.7+004641,,20.8318
2CXO J015716.9-005304,22.5365,21.4982
2CXO J021817.1-050258,,22.2087
2CXO J022943.5+002217,,22.4697
2CXO J023009.4+002434,,22.2489
2CXO J033621.1-353335,20.9388,20.2876
2CXO J033950.5-352537,,21.6684
2CXO J080507.7+523525,19.5103,19.3156
2CXO J081937.7+210652,,18.3993
2CXO J083803.6+540641,,19.8065
2CXO J084306.5+293921,,21.8098
2CXO J091646.0+283526,19.3684,19.066
2CXO J091650.9+284944,20.5868,20.298
2CXO J092150.8+510036,,16.0259
2CXO J092207.2+294408,18.5791,18.1251
2CXO J093308.8+534748,18.7707,18.5781
2CXO J095023.9+561946,,22.57
2CXO J100110.4+552834,,20.1877
2CXO J102258.4+123429,,21.4019
2CXO J103456.3+393941,21.1625,20.6919
2CXO J103512.2+575547,,22.9233
2CXO J104351.2+585544,,22.6871
2CXO J104507.0+583629,21.2518,21.3671
2CXO J104630.4+584436,,22.3696
2CXO J104643.2+584715,22.0939,20.3564
2CXO J104650.2+591724,,21.04
2CXO J104751.0+585922,,21.8413
2CXO J104810.7+590037,,22.2788
2CXO J104845.2+585745,,22.3756
2CXO J105626.8+580843,22.3193,21.6285
2CXO J111350.9+401721,20.3056,19.0579
2CXO J111957.5+570026,19.6602,18.4896
2CXO J112018.3+125900,,12.8872
2CXO J115026.9+555716,21.4968,20.3611
2CXO J115138.1+561331,20.1657,19.2775
2CXO J120522.0+443140,20.7496,19.3859
2CXO J121432.7+142214,20.5543,19.8147
2CXO J122518.6+483117,,21.8368
2CXO J124333.7+035750,,21.1674
2CXO J124454.6+025557,21.3276,20.6372
2CXO J131131.0-010331,21.0545,19.5551
2CXO J131717.2+290640,,22.3804
2CXO J132105.9+511943,20.2808,18.9663
2CXO J132801.2+573112,,19.7371
2CXO J133032.0-003613,18.3324,17.6675
2CXO J133805.2+292423,,22.2146
2CXO J134443.7+550300,,20.865
2CXO J141329.1-001453,,21.5792
2CXO J141623.5+112440,,23.1596
2CXO J142512.9+340030,21.3954,19.3867
2CXO J143335.3+022718,22.5961,22.4483
2CXO J144649.7+100350,,22.5066
2CXO J150353.2+005837,,21.0454
2CXO J150401.3+005955,,21.3723
2CXO J150743.4+011324,21.9953,18.7198
2CXO J155438.2+193333,20.9494,19.5462
2CXO J161626.5+345908,21.5079,20.1487
2CXO J162919.9+231919,20.3704,19.4617
2CXO J171456.2+593700,,22.4925
2CXO J172354.0+592047,,16.6314
2CXO J213652.9+124718,,12.8861
2CXO J221601.7-004213,,22.6858
2CXO J222554.2+195837,,21.7684
2CXO J225503.8+131334,21.9071,20.3423
2CXO J231815.0-421347,22.4192,21.5849
2CXO J232653.2+002143,,22.4449
2CXO J232740.0-000143,,21.3561
2CXO J233032.9+000026,,21.8097
2CXO J233314.7+000109,,21.9321
2CXO J235715.8+004851,,21.4782
2CXO J235936.1-350152,21.3581,15.8775
2CXO J001659.3-271925,,22.4669
2CXO J001826.4+300400,,18.1193
2CXO J002734.8-753648,21.4969,15.1826
2CXO J002756.2+221930,,21.8522
2CXO J002839.8+003540,21.351,20.3033
2CXO J003244.6-214420,,20.3997
2CXO J004026.1-352939,19.8606,14.3363
2CXO J004336.0+010636,20.0085,19.2739
2CXO J004341.2+005253,,22.5404
2CXO J010821.7+062327,21.5346,21.0416
2CXO J011346.8+005114,,21.815
2CXO J011847.1-265150,,22.7828
2CXO J014251.2-004612,22.2478,20.2537
2CXO J020950.7-000506,,22.6535
2CXO J023430.6+243835,19.2428,18.3771
2CXO J024055.9-081953,,21.0786
2CXO J025959.6+004813,21.9425,20.4636
2CXO J030117.9-003842,,21.0028
2CXO J030421.4-273611,21.6677,20.3304
2CXO J030421.8-273106,20.6285,20.2014
2CXO J031445.1-340819,,21.8305
2CXO J032006.6-011524,,22.2484
2CXO J032225.7-370912,,22.6942
2CXO J033337.6-465854,21.1133,15.5081
2CXO J033737.4-045930,,22.1856
2CXO J033756.7-050047,,22.1709
2CXO J034252.3+005252,,22.075
2CXO J034313.7+010336,,21.8895
2CXO J034317.4+005328,,20.9305
2CXO J034332.0+005654,,21.6522
2CXO J034338.8+010802,,21.1669
2CXO J035752.5-461839,19.0119,14.345999999999998
2CXO J040643.0+033728,,18.3635
2CXO J041551.5-554858,,21.5487
2CXO J045209.1+000248,,16.5126
2CXO J045423.6+170953,19.0698,18.6446
2CXO J051338.5-492115,21.9933,15.3992
2CXO J052108.7-251913,20.8113,19.0199
2CXO J053910.7-283526,21.2413,20.2745
2CXO J053920.1-283637,,21.973000000000003
2CXO J053949.9-283832,,19.343
2CXO J053959.0-283752,,21.8809
2CXO J054226.0-405847,,22.1255
2CXO J054228.1-405557,,15.9718
2CXO J054234.1-405837,,19.8045
2CXO J054242.5-405834,20.9066,19.7749
2CXO J054259.6-410242,,21.8351
2CXO J054644.5-452249,18.5041,13.0848
2CXO J073802.3+383116,18.3063,17.3562
2CXO J075052.0+123104,18.6298,17.7972
2CXO J075840.8+323959,,20.1304
2CXO J080342.0+302254,20.1856,18.5233
2CXO J080347.5+302645,,20.234
2CXO J080402.9+303511,,19.4966
2CXO J080907.5+441641,19.7712,19.5427
2CXO J081253.1+401900,,22.1065
2CXO J081910.4+501159,,22.009
2CXO J084104.9+360450,,22.4814
2CXO J084121.5+360845,21.2323,20.4866
2CXO J084135.0+010156,19.8207,19.5252
2CXO J084234.9+362503,,20.8777
2CXO J084308.2+362440,,21.182
2CXO J085012.9+374213,20.230999999999998,18.8836
2CXO J085024.7+374709,22.0637,21.4231
2CXO J085107.8+114809,19.8968,15.1842
2CXO J085119.0+115005,,17.3441
2CXO J085120.7+115326,17.5336,14.7529
2CXO J085121.7+115237,20.9418,16.2172
2CXO J085308.6+135254,,18.0917
2CXO J085359.2+021605,22.0849,21.4174
2CXO J085959.7+390634,,22.5465
2CXO J090910.9+330952,22.1966,20.6246
2CXO J090956.6-000559,,21.9036
2CXO J091416.8+410701,,21.6158
2CXO J091658.2-771147,19.349,14.2814
2CXO J091842.0+671337,19.3551,14.3825
2CXO J091847.4+064704,19.9619,18.9196
2CXO J091915.7+334411,21.7457,22.32
2CXO J091918.6+691211,18.9353,17.0774
2CXO J091940.9+334310,21.1667,20.5626
2CXO J092622.6+293542,22.8118,22.2738
2CXO J092857.1+380358,,18.8508
2CXO J092905.4+282357,,21.8047
2CXO J092913.1+380738,20.8483,18.9149
2CXO J092913.9+375743,,22.2877
2CXO J093305.4+340345,,20.9715
2CXO J093514.3+170944,20.9384,20.1544
2CXO J093949.6+414154,,19.1542
2CXO J094159.8+153102,21.3989,19.4509
2CXO J094206.5+710442,,22.2419
2CXO J094525.9+352103,20.1221,20.0815
2CXO J094746.9+142624,22.1248,20.3338
2CXO J095740.2+325951,21.4251,20.296
2CXO J100645.6+465145,,22.2388
2CXO J100829.2+072327,20.9027,19.7193
2CXO J101054.6-044119,14.8558,14.6463
2CXO J101819.9+034942,,21.938000000000002
2CXO J102147.4+130850,,19.1626
2CXO J102838.6+262031,,20.2373
2CXO J102907.0+651024,20.2086,19.6957
2CXO J103638.1+124745,,21.518
2CXO J104026.8+204544,20.282,19.0889
2CXO J104303.7+005420,21.4023,20.6528
2CXO J104723.5+540406,,20.7985
2CXO J105951.3+301817,,21.8427
2CXO J110520.3-000909,,23.359
2CXO J110621.9+035747,,21.991
2CXO J110929.2+284130,20.875,20.0231
2CXO J111219.7-024238,21.2291,19.9258
2CXO J112034.1-134328,,22.5004
2CXO J112108.5+232151,,22.4821
2CXO J112513.8+502957,19.0572,13.4911
2CXO J112551.8+502803,,19.831
2CXO J112851.3-012000,,20.2777
2CXO J113406.8+525959,21.7091,21.0784
2CXO J113448.1+530516,19.7136,19.4038
2CXO J114144.2+654114,21.0416,14.8102
2CXO J114642.5+511029,21.0161,19.9848
2CXO J114642.8+301209,21.1815,19.7852
2CXO J114824.1-372849,20.3422,17.9213
2CXO J114851.6+514528,20.9364,21.4719
2CXO J114934.6+590620,19.0784,18.7797
2CXO J115023.5+281907,,22.3376
2CXO J115034.5+653927,20.2059,19.0613
2CXO J115046.4+654428,,21.0622
2CXO J115106.6+471157,18.5778,18.2815
2CXO J120014.3+012315,,22.1378
2CXO J120038.0+011248,,20.2537
2CXO J120208.8+511923,,21.1865
2CXO J120405.8+201345,19.6623,19.4627
2CXO J120414.0+351801,,21.3847
2CXO J120548.4+524306,22.2929,18.8098
2CXO J120905.6+355423,20.8054,19.6252
2CXO J121111.2+100827,,21.7332
2CXO J121217.2+131218,19.6466,16.7715
2CXO J121223.2+273047,20.5228,19.2194
2CXO J121705.6+584534,,20.4815
2CXO J121711.0+583525,,23.0093
2CXO J121722.8+614627,18.6186,18.5579
2CXO J122226.6+270936,20.2605,20.0488
2CXO J122834.6+063159,,20.8764
2CXO J122909.2+552230,,19.9177
2CXO J123245.3+365647,,17.248
2CXO J123705.1+255631,21.2895,20.1997
2CXO J124529.1+011325,,21.3417
2CXO J124540.9-002745,21.365,20.4743
2CXO J124949.4-060723,,19.5923
2CXO J125007.3+725228,15.1494,14.5344
2CXO J125055.2-015556,20.5489,20.0067
2CXO J125140.3+000210,19.1693,18.374000000000002
2CXO J125206.1-000548,21.7877,20.5226
2CXO J125558.7+291459,,21.7235
2CXO J125607.6+000209,20.0319,19.1111
2CXO J125811.8-470150,,14.05
2CXO J125949.3+312825,,20.9533
2CXO J130200.8+154850,,21.2643
2CXO J130747.9+064039,20.741,20.1509
2CXO J130932.4+481256,20.8134,20.0929
2CXO J131055.6-012724,21.3344,19.515
2CXO J131059.7+560139,22.046,19.0474
2CXO J131145.7+385959,21.055,18.7644
2CXO J131417.5+414615,21.0033,20.4155
2CXO J131701.3+004506,20.0744,19.5309
2CXO J131706.0+004753,,22.1556
2CXO J132106.3+003714,21.1299,20.1504
2CXO J134017.1+555045,,19.7642
2CXO J134137.9+601521,21.9453,17.6776
2CXO J134208.3+353915,18.4301,16.7595
2CXO J134508.0-000527,,20.5954
2CXO J134951.8+040405,21.8057,19.5088
2CXO J135409.0+334115,19.0367,19.0522
2CXO J135641.5+415310,20.143,18.7595
2CXO J140034.4-015638,,22.5071
2CXO J140438.8+432707,21.1896,18.029
2CXO J140714.2+023601,21.2364,20.4254
2CXO J140742.7+022854,19.8512,19.302
2CXO J141112.3+430625,21.4409,18.3898
2CXO J141309.1+092011,17.4713,16.8722
2CXO J141341.5-022710,,21.6696
2CXO J141730.9+073320,,20.6224
2CXO J141958.9+564942,19.7696,19.0675
2CXO J142623.7+440705,20.4868,19.4051
2CXO J142844.4+004454,,20.4601
2CXO J143030.2-001115,20.4097,19.5905
2CXO J143754.5-015312,,20.0408
2CXO J144232.8+011710,,17.5459
2CXO J144459.2-002528,,21.6127
2CXO J144951.9+580952,,22.5362
2CXO J145055.8-000838,,21.0782
2CXO J150048.6+475115,,21.413
2CXO J150107.7+422128,,22.4237
2CXO J150611.6+541155,,19.7236
2CXO J151048.0+111343,20.4035,18.8412
2CXO J151653.2+190048,18.5038,18.0491
2CXO J152153.8+082916,20.3954,20.0262
2CXO J153551.9+495740,20.4241,19.1933
2CXO J153845.1+420107,,22.0277
2CXO J153916.2+032322,20.5569,20.027
2CXO J153952.2+420356,22.5096,21.1555
2CXO J154329.4+335908,,21.5742
2CXO J154418.7+045821,20.6013,20.5751
2CXO J155755.4+400736,20.3708,19.1802
2CXO J160202.4+401301,,22.9441
2CXO J160436.6+173324,,21.3315
2CXO J162257.4+310610,20.1132,19.8176
2CXO J162636.4+350242,17.8931,17.4371
2CXO J163433.6+624535,,21.3777
2CXO J163844.8+485541,18.9974,14.2128
2CXO J165158.5+432508,,22.1257
2CXO J165543.2+394519,22.0362,19.9789
2CXO J170108.8+395443,20.9525,20.7611
2CXO J170124.6+395437,19.3862,18.6211
2CXO J170431.4+603838,,20.9909
2CXO J171420.1+143308,16.652,13.4246
2CXO J171758.4+671202,,22.4646
2CXO J172419.0+505740,,21.9551
2CXO J172701.0+530121,21.9758,20.2048
2CXO J172739.0+530229,,20.0982
2CXO J173000.4-184013,,20.4063
2CXO J173203.0+611751,19.1103,18.750999999999998
2CXO J210748.2-062154,,22.754
2CXO J210757.6-062011,,19.4664
2CXO J212511.1-072007,,22.5204
2CXO J213003.7+001543,,21.9821
2CXO J213508.1-010843,,22.0188
2CXO J213743.8-143634,,22.2262
2CXO J213947.0+122108,21.8045,21.735
2CXO J215841.9-011500,20.8194,20.2352
2CXO J221820.1-384535,,17.1077
2CXO J222241.6-284627,,22.2537
2CXO J222257.5-285152,,20.9082
2CXO J222807.8-303119,,22.8164
2CXO J231253.8-283700,,20.9345
2CXO J231255.8-284202,,20.8796
2CXO J231518.9-591028,20.7974,19.5674
2CXO J231626.2-590107,19.0342,14.2844
2CXO J231953.3+080724,17.8291,14.5355
2CXO J234812.8+010022,,22.1032
2CXO J142539.9+344844,20.4169,20.0683
2CXO J142543.1+344953,20.6783,20.4083
2CXO J142912.9+340959,,20.1594
2CXO J143044.7+352714,20.9703,16.6481
2CXO J143445.3+332820,19.9856,20.2134
2CXO J143617.8+353725,,19.8668
2CXO J002401.5-721513,18.9854,13.5372
2CXO J002405.7-720452,,9.6463
2CXO J122515.0+125602,,22.0433
2CXO J122709.8+124854,,22.534000000000002
2CXO J123519.2+123314,,22.2462
2CXO J123527.7+121338,19.2275,18.1269
2CXO J123529.6+123106,,22.2868
2CXO J124210.4+115224,19.7453,20.111
2CXO J124332.0+113146,,21.0995
2CXO J124044.8+094840,20.3464,19.6972
2CXO J095942.0+024103,,22.9469
2CXO J100006.8+021235,,23.2046
2CXO J100046.2+014855,,22.6938
2CXO J100046.7+020404,22.0511,21.0799
2CXO J100047.7+020756,,22.8443
2CXO J100049.9+015231,,21.4092
2CXO J100049.9+020500,,21.2823
2CXO J100100.7+021640,21.561999999999998,20.871
2CXO J100115.2+024812,,22.6733
2CXO J100132.8+015759,,23.2006
2CXO J100152.8+020113,,23.0767
2CXO J100232.5+014008,,22.339000000000002
2CXO J004118.6+405159,,18.7813
2CXO J004119.0+405102,,21.6339
2CXO J104640.1+591843,,22.1182
2CXO J104646.3+591544,,22.2655
2CXO J104705.0+590728,19.6608,18.8925
2CXO J104706.9+591010,21.9388,21.3991
2CXO J232714.1+000955,,22.4585
2CXO J232736.4+000743,,21.834
2CXO J233331.1+000811,22.1794,21.6742
2CXO J122518.6+144545,19.534000000000002,18.902
2CXO J122243.0+154400,,21.2555
2CXO J033312.8-361153,,20.8853
2CXO J033754.9-354820,,21.1913
2CXO J033927.5-352449,,21.6256
2CXO J033930.6-354847,20.935,20.5589
2CXO J033941.1-354745,19.861,14.5149
2CXO J022933.3+005006,,22.1743
2CXO J115937.8+554623,20.0533,19.1625
2CXO J130217.6+002422,21.2045,20.3669
2CXO J165047.1+350438,,21.4364
2CXO J005734.9-272827,21.1235,20.1966
2CXO J005759.9-272126,,21.4377
2CXO J005900.7-273108,21.5132,20.6399
2CXO J033123.6-273631,,22.9532
2CXO J033156.8-280149,,22.3906
2CXO J033206.9-275610,,23.006999999999998
2CXO J033259.1-273611,,22.8777
2CXO J033318.4-273551,,22.9557
2CXO J005614.6-011828,,21.3374
2CXO J142354.9+240925,16.3206,16.7366
2CXO J151545.0+553518,,21.7605
2CXO J123636.6+621346,,21.7898
2CXO J123716.1+620708,21.7085,21.6944
2CXO J003452.2-434616,,21.1544
2CXO J003509.6-433917,,21.6728
2CXO J003547.3-430558,,22.0199
2CXO J003620.1-433926,,22.8471
2CXO J142555.1+373901,,22.2158
2CXO J121539.1+361931,,11.5227
2CXO J010702.1+005541,,21.3274
2CXO J031845.5-441831,20.0614,14.5311
2CXO J084902.2+450004,,22.186999999999998
2CXO J101331.3-004827,,22.749000000000002
2CXO J010621.2+322241,19.3161,14.5431
2CXO J001414.3-302239,,21.7351
2CXO J001424.2-301505,21.927,21.3343
2CXO J124152.5+411619,15.0865,14.6354
2CXO J122433.1+182046,22.2842,21.7575
2CXO J124913.8-055919,,20.8412
2CXO J032754.1+023342,,20.3642
2CXO J124020.6-113213,21.3008,21.1362
2CXO J145201.7+430640,,21.546
2CXO J145203.0+430542,,22.5853
2CXO J145215.6+430448,19.6476,19.3336
2CXO J145230.2+425635,,22.8828
2CXO J114314.7+510542,19.9863,20.0947
2CXO J102451.8+165956,20.7036,19.4511
2CXO J074545.0+392701,,20.9675
2CXO J014227.2+133456,21.8402,21.5241
2CXO J014251.7+133352,,20.2455
2CXO J054054.2-284347,21.136999999999997,20.2464
2CXO J091028.9+542718,19.5176,18.9084
2CXO J221453.8+140022,21.8623,19.5572
2CXO J105118.2+325752,18.491,17.6665
2CXO J033339.5-391841,,21.2033
2CXO J125851.4+235526,19.0775,18.6729
2CXO J010959.3+354206,,13.6541
2CXO J091747.0+415849,20.1114,19.2958
2CXO J091752.5+414529,,20.2074
2CXO J091828.5+415104,20.9931,19.8918
2CXO J033354.8-010923,,22.3938
2CXO J052828.1-392215,20.9853,16.2959
2CXO J100522.8-074105,,21.355999999999998
2CXO J002626.3+170938,22.0413,20.6811
2CXO J171707.1+430813,11.5053,9.9324
2CXO J083318.2+331350,,22.5874
2CXO J140338.5-335754,,21.5734
2CXO J212912.1+120752,20.3212,20.3011
2CXO J003922.4+005951,,21.1266
2CXO J144935.9+631835,,22.3332
2CXO J101739.5-012728,,21.1677
2CXO J051647.4+062404,19.8079,15.0725
2CXO J204716.9+105129,,18.15
2CXO J204726.7+105139,18.6388,13.829
2CXO J123651.1+453904,17.1169,16.6966
2CXO J113218.2-301952,,22.485
2CXO J113256.7-302821,20.2475,14.4036
